YEAR,CLINIC,TOTAL,CipRsum,CipRsum_prevalence,Threshold,NumSites
2000,ALB,147,0,0.0,0.0,5
2000,MIN,171,0,0.0,0.0,5
2000,BHM,299,0,0.0,0.0,5
2000,CLE,270,0,0.0,0.0,5
2000,PHX,285,0,0.0,0.0,5
2001,CHI,283,0,0.0,0.0,5
2001,BHM,299,0,0.0,0.0,5
2001,PHI,300,3,0.01,0.0,5
2001,CLE,276,0,0.0,0.0,5
2001,NOR,197,0,0.0,0.0,5
2002,DAL,294,6,0.02040816326530612,0.0,5
2002,CLE,292,1,0.003424657534246575,0.0,5
2002,CHI,284,6,0.02112676056338028,0.0,5
2002,BHM,290,0,0.0,0.0,5
2002,ALB,160,0,0.0,0.0,5
2003,ALB,53,0,0.0,0.0,5
2003,ORA,161,33,0.20496894409937888,0.0,5
2003,SFO,300,73,0.24333333333333335,0.0,5
2003,BHM,288,0,0.0,0.0,5
2003,HON,92,21,0.22826086956521738,0.0,5
2004,SFO,300,94,0.31333333333333335,0.0,5
2004,SDG,294,77,0.2619047619047619,0.0,5
2004,BHM,286,3,0.01048951048951049,0.0,5
2004,HON,88,17,0.19318181818181818,0.0,5
2004,ALB,88,0,0.0,0.0,5
2005,ALB,151,11,0.0728476821192053,0.0,5
2005,POR,169,46,0.27218934911242604,0.0,5
2005,ORA,133,46,0.3458646616541353,0.0,5
2005,SFO,299,133,0.44481605351170567,0.0,5
2005,SDG,262,92,0.3511450381679389,0.0,5
2006,HON,70,20,0.2857142857142857,0.0,5
2006,ORA,117,48,0.41025641025641024,0.0,5
2006,SEA,188,55,0.2925531914893617,0.0,5
2006,SDG,190,69,0.3631578947368421,0.0,5
2006,SFO,300,94,0.31333333333333335,0.0,5
2007,SEA,163,51,0.3128834355828221,0.0,5
2007,SDG,182,53,0.29120879120879123,0.0,5
2007,ORA,87,29,0.3333333333333333,0.0,5
2007,SFO,211,55,0.26066350710900477,0.0,5
2007,PHI,253,52,0.20553359683794467,0.0,5
2008,ORA,82,15,0.18292682926829268,0.0,5
2008,SEA,162,34,0.20987654320987653,0.0,5
2008,SDG,172,36,0.20930232558139536,0.0,5
2008,HON,74,33,0.44594594594594594,0.0,5
2008,POR,105,21,0.2,0.0,5
2009,MIN,71,17,0.23943661971830985,0.0,5
2009,SEA,238,114,0.4789915966386555,0.0,5
2009,POR,106,27,0.25471698113207547,0.0,5
2009,HON,78,27,0.34615384615384615,0.0,5
2009,SDG,205,41,0.2,0.0,5
2010,ORA,107,27,0.2523364485981308,0.0,5
2010,MIN,47,11,0.23404255319148937,0.0,5
2010,SEA,167,70,0.41916167664670656,0.0,5
2010,HON,61,18,0.29508196721311475,0.0,5
2010,POR,167,40,0.23952095808383234,0.0,5
2011,ORA,124,42,0.3387096774193548,0.0,5
2011,SEA,149,48,0.3221476510067114,0.0,5
2011,SFO,258,85,0.32945736434108525,0.0,5
2011,SDG,205,79,0.3853658536585366,0.0,5
2011,HON,98,18,0.1836734693877551,0.0,5
2012,ORA,124,55,0.4435483870967742,0.0,5
2012,SEA,143,63,0.4405594405594406,0.0,5
2012,SDG,176,56,0.3181818181818182,0.0,5
2012,POR,129,19,0.14728682170542637,0.0,5
2012,SFO,269,94,0.34944237918215615,0.0,5
2013,SDG,218,66,0.30275229357798167,0.0,5
2013,SFO,300,99,0.33,0.0,5
2013,SEA,194,74,0.38144329896907214,0.0,5
2013,MIN,103,21,0.20388349514563106,0.0,5
2013,ORA,171,52,0.30409356725146197,0.0,5
2014,SFO,300,90,0.3,0.0,5
2014,POR,148,51,0.34459459459459457,0.0,5
2014,HON,123,26,0.21138211382113822,0.0,5
2014,ORA,183,53,0.2896174863387978,0.0,5
2014,SEA,187,52,0.27807486631016043,0.0,5
2015,POR,147,70,0.47619047619047616,0.0,5
2015,ORA,194,74,0.38144329896907214,0.0,5
2015,SFO,300,88,0.29333333333333333,0.0,5
2015,SDG,193,78,0.40414507772020725,0.0,5
2015,MIN,90,28,0.3111111111111111,0.0,5
2016,MIN,64,18,0.28125,0.0,5
2016,POR,119,46,0.3865546218487395,0.0,5
2016,SFO,300,120,0.4,0.0,5
2016,ORA,140,62,0.44285714285714284,0.0,5
2016,SDG,195,109,0.558974358974359,0.0,5
2017,POR,124,28,0.22580645161290322,0.0,5
2017,SFO,242,101,0.41735537190082644,0.0,5
2017,SDG,147,72,0.4897959183673469,0.0,5
2017,ORA,163,76,0.4662576687116564,0.0,5
2017,PHI,300,116,0.38666666666666666,0.0,5
2018,SDG,133,79,0.5939849624060151,0.0,5
2018,PHI,300,159,0.53,0.0,5
2018,ORA,156,84,0.5384615384615384,0.0,5
2018,SEA,229,100,0.4366812227074236,0.0,5
2018,SFO,249,106,0.42570281124497994,0.0,5
2019,SEA,176,44,0.25,0.0,5
2019,SDG,103,49,0.47572815533980584,0.0,5
2019,PHI,155,75,0.4838709677419355,0.0,5
2019,SFO,208,94,0.4519230769230769,0.0,5
2019,ORA,165,64,0.3878787878787879,0.0,5
2020,ALB,94,25,0.26595744680851063,0.0,5
2020,BHM,161,71,0.4409937888198758,0.0,5
2020,SDG,130,56,0.4307692307692308,0.0,5
2020,PHI,194,86,0.44329896907216493,0.0,5
2020,SFO,257,102,0.3968871595330739,0.0,5
2021,NOR,66,24,0.36363636363636365,0.0,5
2021,BHM,112,65,0.5803571428571429,0.0,5
2021,PHI,255,87,0.3411764705882353,0.0,5
2021,SDG,18,12,0.6666666666666666,0.0,5
2021,SFO,177,71,0.4011299435028249,0.0,5
2022,SDG,18,12,0.6666666666666666,0.0,5
2022,BHM,112,65,0.5803571428571429,0.0,5
2022,SEA,179,83,0.46368715083798884,0.0,5
2022,HON,47,20,0.425531914893617,0.0,5
2022,SFO,177,71,0.4011299435028249,0.0,5
2000,HON,79,16,0.20253164556962025,0.2,5
2000,ORA,129,3,0.023255813953488372,0.2,5
2000,NOR,126,0,0.0,0.2,5
2000,SEA,254,0,0.0,0.2,5
2000,SDG,235,5,0.02127659574468085,0.2,5
2001,SDG,249,41,0.1646586345381526,0.2,5
2001,CHI,283,0,0.0,0.2,5
2001,SFO,283,19,0.06713780918727916,0.2,5
2001,HON,94,11,0.11702127659574468,0.2,5
2001,ORA,175,20,0.11428571428571428,0.2,5
2002,SDG,257,34,0.13229571984435798,0.2,5
2002,HON,120,16,0.13333333333333333,0.2,5
2002,SEA,258,18,0.06976744186046512,0.2,5
2002,ORA,178,56,0.3146067415730337,0.2,5
2002,SFO,276,53,0.19202898550724637,0.2,5
2003,ORA,161,33,0.20496894409937888,0.2,5
2003,SFO,300,73,0.24333333333333335,0.2,5
2003,SDG,253,52,0.20553359683794467,0.2,5
2003,HON,92,21,0.22826086956521738,0.2,5
2003,SEA,235,38,0.16170212765957448,0.2,5
2004,SFO,300,94,0.31333333333333335,0.2,5
2004,SDG,294,77,0.2619047619047619,0.2,5
2004,HON,88,17,0.19318181818181818,0.2,5
2004,SEA,268,31,0.11567164179104478,0.2,5
2004,ORA,120,33,0.275,0.2,5
2005,POR,169,46,0.27218934911242604,0.2,5
2005,ORA,133,46,0.3458646616541353,0.2,5
2005,SFO,299,133,0.44481605351170567,0.2,5
2005,SDG,262,92,0.3511450381679389,0.2,5
2005,HON,95,34,0.35789473684210527,0.2,5
2006,HON,70,20,0.2857142857142857,0.2,5
2006,ORA,117,48,0.41025641025641024,0.2,5
2006,SEA,188,55,0.2925531914893617,0.2,5
2006,SDG,190,69,0.3631578947368421,0.2,5
2006,SFO,300,94,0.31333333333333335,0.2,5
2007,SEA,163,51,0.3128834355828221,0.2,5
2007,SDG,182,53,0.29120879120879123,0.2,5
2007,ORA,87,29,0.3333333333333333,0.2,5
2007,SFO,211,55,0.26066350710900477,0.2,5
2007,PHI,253,52,0.20553359683794467,0.2,5
2008,ORA,82,15,0.18292682926829268,0.2,5
2008,SEA,162,34,0.20987654320987653,0.2,5
2008,SDG,172,36,0.20930232558139536,0.2,5
2008,HON,74,33,0.44594594594594594,0.2,5
2008,POR,105,21,0.2,0.2,5
2009,MIN,71,17,0.23943661971830985,0.2,5
2009,SEA,238,114,0.4789915966386555,0.2,5
2009,POR,106,27,0.25471698113207547,0.2,5
2009,HON,78,27,0.34615384615384615,0.2,5
2009,SDG,205,41,0.2,0.2,5
2010,ALB,152,33,0.21710526315789475,0.2,5
2010,MIN,47,11,0.23404255319148937,0.2,5
2010,SEA,167,70,0.41916167664670656,0.2,5
2010,HON,61,18,0.29508196721311475,0.2,5
2010,POR,167,40,0.23952095808383234,0.2,5
2011,ORA,124,42,0.3387096774193548,0.2,5
2011,SEA,149,48,0.3221476510067114,0.2,5
2011,SFO,258,85,0.32945736434108525,0.2,5
2011,SDG,205,79,0.3853658536585366,0.2,5
2011,HON,98,18,0.1836734693877551,0.2,5
2012,ORA,124,55,0.4435483870967742,0.2,5
2012,SEA,143,63,0.4405594405594406,0.2,5
2012,SDG,176,56,0.3181818181818182,0.2,5
2012,POR,129,19,0.14728682170542637,0.2,5
2012,SFO,269,94,0.34944237918215615,0.2,5
2013,SDG,218,66,0.30275229357798167,0.2,5
2013,SFO,300,99,0.33,0.2,5
2013,SEA,194,74,0.38144329896907214,0.2,5
2013,MIN,103,21,0.20388349514563106,0.2,5
2013,ORA,171,52,0.30409356725146197,0.2,5
2014,SFO,300,90,0.3,0.2,5
2014,POR,148,51,0.34459459459459457,0.2,5
2014,SDG,189,59,0.31216931216931215,0.2,5
2014,HON,123,26,0.21138211382113822,0.2,5
2014,SEA,187,52,0.27807486631016043,0.2,5
2015,POR,147,70,0.47619047619047616,0.2,5
2015,ORA,194,74,0.38144329896907214,0.2,5
2015,SFO,300,88,0.29333333333333333,0.2,5
2015,SDG,193,78,0.40414507772020725,0.2,5
2015,MIN,90,28,0.3111111111111111,0.2,5
2016,MIN,64,18,0.28125,0.2,5
2016,POR,119,46,0.3865546218487395,0.2,5
2016,SFO,300,120,0.4,0.2,5
2016,ORA,140,62,0.44285714285714284,0.2,5
2016,SDG,195,109,0.558974358974359,0.2,5
2017,POR,124,28,0.22580645161290322,0.2,5
2017,SFO,242,101,0.41735537190082644,0.2,5
2017,SDG,147,72,0.4897959183673469,0.2,5
2017,ORA,163,76,0.4662576687116564,0.2,5
2017,PHI,300,116,0.38666666666666666,0.2,5
2018,SDG,133,79,0.5939849624060151,0.2,5
2018,PHI,300,159,0.53,0.2,5
2018,ORA,156,84,0.5384615384615384,0.2,5
2018,SEA,229,100,0.4366812227074236,0.2,5
2018,SFO,249,106,0.42570281124497994,0.2,5
2019,SEA,176,44,0.25,0.2,5
2019,SDG,103,49,0.47572815533980584,0.2,5
2019,PHI,155,75,0.4838709677419355,0.2,5
2019,SFO,208,94,0.4519230769230769,0.2,5
2019,ORA,165,64,0.3878787878787879,0.2,5
2020,ALB,94,25,0.26595744680851063,0.2,5
2020,BHM,161,71,0.4409937888198758,0.2,5
2020,SDG,130,56,0.4307692307692308,0.2,5
2020,PHI,194,86,0.44329896907216493,0.2,5
2020,SFO,257,102,0.3968871595330739,0.2,5
2021,NOR,66,24,0.36363636363636365,0.2,5
2021,BHM,112,65,0.5803571428571429,0.2,5
2021,PHI,255,87,0.3411764705882353,0.2,5
2021,SDG,18,12,0.6666666666666666,0.2,5
2021,SFO,177,71,0.4011299435028249,0.2,5
2022,SDG,18,12,0.6666666666666666,0.2,5
2022,BHM,112,65,0.5803571428571429,0.2,5
2022,SEA,179,83,0.46368715083798884,0.2,5
2022,HON,47,20,0.425531914893617,0.2,5
2022,SFO,177,71,0.4011299435028249,0.2,5
2000,HON,79,16,0.20253164556962025,0.4,5
2000,ORA,129,3,0.023255813953488372,0.4,5
2000,NOR,126,0,0.0,0.4,5
2000,SEA,254,0,0.0,0.4,5
2000,SDG,235,5,0.02127659574468085,0.4,5
2001,SDG,249,41,0.1646586345381526,0.4,5
2001,CHI,283,0,0.0,0.4,5
2001,SFO,283,19,0.06713780918727916,0.4,5
2001,HON,94,11,0.11702127659574468,0.4,5
2001,ORA,175,20,0.11428571428571428,0.4,5
2002,SDG,257,34,0.13229571984435798,0.4,5
2002,HON,120,16,0.13333333333333333,0.4,5
2002,SEA,258,18,0.06976744186046512,0.4,5
2002,ORA,178,56,0.3146067415730337,0.4,5
2002,SFO,276,53,0.19202898550724637,0.4,5
2003,ORA,161,33,0.20496894409937888,0.4,5
2003,SFO,300,73,0.24333333333333335,0.4,5
2003,SDG,253,52,0.20553359683794467,0.4,5
2003,HON,92,21,0.22826086956521738,0.4,5
2003,SEA,235,38,0.16170212765957448,0.4,5
2004,SFO,300,94,0.31333333333333335,0.4,5
2004,SDG,294,77,0.2619047619047619,0.4,5
2004,HON,88,17,0.19318181818181818,0.4,5
2004,SEA,268,31,0.11567164179104478,0.4,5
2004,ORA,120,33,0.275,0.4,5
2005,POR,169,46,0.27218934911242604,0.4,5
2005,ORA,133,46,0.3458646616541353,0.4,5
2005,SFO,299,133,0.44481605351170567,0.4,5
2005,SDG,262,92,0.3511450381679389,0.4,5
2005,HON,95,34,0.35789473684210527,0.4,5
2006,HON,70,20,0.2857142857142857,0.4,5
2006,ORA,117,48,0.41025641025641024,0.4,5
2006,SEA,188,55,0.2925531914893617,0.4,5
2006,SDG,190,69,0.3631578947368421,0.4,5
2006,SFO,300,94,0.31333333333333335,0.4,5
2007,SEA,163,51,0.3128834355828221,0.4,5
2007,SDG,182,53,0.29120879120879123,0.4,5
2007,ORA,87,29,0.3333333333333333,0.4,5
2007,SFO,211,55,0.26066350710900477,0.4,5
2007,PHI,253,52,0.20553359683794467,0.4,5
2008,ORA,82,15,0.18292682926829268,0.4,5
2008,SEA,162,34,0.20987654320987653,0.4,5
2008,SDG,172,36,0.20930232558139536,0.4,5
2008,HON,74,33,0.44594594594594594,0.4,5
2008,POR,105,21,0.2,0.4,5
2009,MIN,71,17,0.23943661971830985,0.4,5
2009,SEA,238,114,0.4789915966386555,0.4,5
2009,POR,106,27,0.25471698113207547,0.4,5
2009,HON,78,27,0.34615384615384615,0.4,5
2009,SDG,205,41,0.2,0.4,5
2010,ORA,107,27,0.2523364485981308,0.4,5
2010,MIN,47,11,0.23404255319148937,0.4,5
2010,SEA,167,70,0.41916167664670656,0.4,5
2010,HON,61,18,0.29508196721311475,0.4,5
2010,POR,167,40,0.23952095808383234,0.4,5
2011,ORA,124,42,0.3387096774193548,0.4,5
2011,SEA,149,48,0.3221476510067114,0.4,5
2011,SFO,258,85,0.32945736434108525,0.4,5
2011,SDG,205,79,0.3853658536585366,0.4,5
2011,HON,98,18,0.1836734693877551,0.4,5
2012,ORA,124,55,0.4435483870967742,0.4,5
2012,SEA,143,63,0.4405594405594406,0.4,5
2012,SDG,176,56,0.3181818181818182,0.4,5
2012,POR,129,19,0.14728682170542637,0.4,5
2012,SFO,269,94,0.34944237918215615,0.4,5
2013,SDG,218,66,0.30275229357798167,0.4,5
2013,SFO,300,99,0.33,0.4,5
2013,SEA,194,74,0.38144329896907214,0.4,5
2013,MIN,103,21,0.20388349514563106,0.4,5
2013,ORA,171,52,0.30409356725146197,0.4,5
2014,SFO,300,90,0.3,0.4,5
2014,POR,148,51,0.34459459459459457,0.4,5
2014,HON,123,26,0.21138211382113822,0.4,5
2014,ORA,183,53,0.2896174863387978,0.4,5
2014,SEA,187,52,0.27807486631016043,0.4,5
2015,POR,147,70,0.47619047619047616,0.4,5
2015,ORA,194,74,0.38144329896907214,0.4,5
2015,SFO,300,88,0.29333333333333333,0.4,5
2015,SDG,193,78,0.40414507772020725,0.4,5
2015,MIN,90,28,0.3111111111111111,0.4,5
2016,MIN,64,18,0.28125,0.4,5
2016,POR,119,46,0.3865546218487395,0.4,5
2016,SFO,300,120,0.4,0.4,5
2016,ORA,140,62,0.44285714285714284,0.4,5
2016,SDG,195,109,0.558974358974359,0.4,5
2017,POR,124,28,0.22580645161290322,0.4,5
2017,SFO,242,101,0.41735537190082644,0.4,5
2017,SDG,147,72,0.4897959183673469,0.4,5
2017,ORA,163,76,0.4662576687116564,0.4,5
2017,PHI,300,116,0.38666666666666666,0.4,5
2018,SDG,133,79,0.5939849624060151,0.4,5
2018,PHI,300,159,0.53,0.4,5
2018,ORA,156,84,0.5384615384615384,0.4,5
2018,SEA,229,100,0.4366812227074236,0.4,5
2018,SFO,249,106,0.42570281124497994,0.4,5
2019,SEA,176,44,0.25,0.4,5
2019,SDG,103,49,0.47572815533980584,0.4,5
2019,PHI,155,75,0.4838709677419355,0.4,5
2019,SFO,208,94,0.4519230769230769,0.4,5
2019,ORA,165,64,0.3878787878787879,0.4,5
2020,BHM,161,71,0.4409937888198758,0.4,5
2020,NOR,76,26,0.34210526315789475,0.4,5
2020,SDG,130,56,0.4307692307692308,0.4,5
2020,PHI,194,86,0.44329896907216493,0.4,5
2020,SFO,257,102,0.3968871595330739,0.4,5
2021,NOR,66,24,0.36363636363636365,0.4,5
2021,BHM,112,65,0.5803571428571429,0.4,5
2021,PHI,255,87,0.3411764705882353,0.4,5
2021,SDG,18,12,0.6666666666666666,0.4,5
2021,SFO,177,71,0.4011299435028249,0.4,5
2022,SDG,18,12,0.6666666666666666,0.4,5
2022,BHM,112,65,0.5803571428571429,0.4,5
2022,SEA,179,83,0.46368715083798884,0.4,5
2022,HON,47,20,0.425531914893617,0.4,5
2022,SFO,177,71,0.4011299435028249,0.4,5
2000,HON,79,16,0.20253164556962025,0.6000000000000001,5
2000,ORA,129,3,0.023255813953488372,0.6000000000000001,5
2000,NOR,126,0,0.0,0.6000000000000001,5
2000,SEA,254,0,0.0,0.6000000000000001,5
2000,SDG,235,5,0.02127659574468085,0.6000000000000001,5
2001,SDG,249,41,0.1646586345381526,0.6000000000000001,5
2001,CHI,283,0,0.0,0.6000000000000001,5
2001,SFO,283,19,0.06713780918727916,0.6000000000000001,5
2001,HON,94,11,0.11702127659574468,0.6000000000000001,5
2001,ORA,175,20,0.11428571428571428,0.6000000000000001,5
2002,SDG,257,34,0.13229571984435798,0.6000000000000001,5
2002,HON,120,16,0.13333333333333333,0.6000000000000001,5
2002,SEA,258,18,0.06976744186046512,0.6000000000000001,5
2002,ORA,178,56,0.3146067415730337,0.6000000000000001,5
2002,SFO,276,53,0.19202898550724637,0.6000000000000001,5
2003,ORA,161,33,0.20496894409937888,0.6000000000000001,5
2003,SFO,300,73,0.24333333333333335,0.6000000000000001,5
2003,SDG,253,52,0.20553359683794467,0.6000000000000001,5
2003,HON,92,21,0.22826086956521738,0.6000000000000001,5
2003,SEA,235,38,0.16170212765957448,0.6000000000000001,5
2004,SFO,300,94,0.31333333333333335,0.6000000000000001,5
2004,SDG,294,77,0.2619047619047619,0.6000000000000001,5
2004,HON,88,17,0.19318181818181818,0.6000000000000001,5
2004,SEA,268,31,0.11567164179104478,0.6000000000000001,5
2004,ORA,120,33,0.275,0.6000000000000001,5
2005,POR,169,46,0.27218934911242604,0.6000000000000001,5
2005,ORA,133,46,0.3458646616541353,0.6000000000000001,5
2005,SFO,299,133,0.44481605351170567,0.6000000000000001,5
2005,SDG,262,92,0.3511450381679389,0.6000000000000001,5
2005,HON,95,34,0.35789473684210527,0.6000000000000001,5
2006,HON,70,20,0.2857142857142857,0.6000000000000001,5
2006,ORA,117,48,0.41025641025641024,0.6000000000000001,5
2006,SEA,188,55,0.2925531914893617,0.6000000000000001,5
2006,SDG,190,69,0.3631578947368421,0.6000000000000001,5
2006,SFO,300,94,0.31333333333333335,0.6000000000000001,5
2007,SEA,163,51,0.3128834355828221,0.6000000000000001,5
2007,SDG,182,53,0.29120879120879123,0.6000000000000001,5
2007,ORA,87,29,0.3333333333333333,0.6000000000000001,5
2007,SFO,211,55,0.26066350710900477,0.6000000000000001,5
2007,PHI,253,52,0.20553359683794467,0.6000000000000001,5
2008,ORA,82,15,0.18292682926829268,0.6000000000000001,5
2008,SEA,162,34,0.20987654320987653,0.6000000000000001,5
2008,SDG,172,36,0.20930232558139536,0.6000000000000001,5
2008,HON,74,33,0.44594594594594594,0.6000000000000001,5
2008,POR,105,21,0.2,0.6000000000000001,5
2009,MIN,71,17,0.23943661971830985,0.6000000000000001,5
2009,SEA,238,114,0.4789915966386555,0.6000000000000001,5
2009,POR,106,27,0.25471698113207547,0.6000000000000001,5
2009,HON,78,27,0.34615384615384615,0.6000000000000001,5
2009,SDG,205,41,0.2,0.6000000000000001,5
2010,ORA,107,27,0.2523364485981308,0.6000000000000001,5
2010,MIN,47,11,0.23404255319148937,0.6000000000000001,5
2010,SEA,167,70,0.41916167664670656,0.6000000000000001,5
2010,HON,61,18,0.29508196721311475,0.6000000000000001,5
2010,POR,167,40,0.23952095808383234,0.6000000000000001,5
2011,ORA,124,42,0.3387096774193548,0.6000000000000001,5
2011,SEA,149,48,0.3221476510067114,0.6000000000000001,5
2011,SFO,258,85,0.32945736434108525,0.6000000000000001,5
2011,SDG,205,79,0.3853658536585366,0.6000000000000001,5
2011,HON,98,18,0.1836734693877551,0.6000000000000001,5
2012,ORA,124,55,0.4435483870967742,0.6000000000000001,5
2012,SEA,143,63,0.4405594405594406,0.6000000000000001,5
2012,SDG,176,56,0.3181818181818182,0.6000000000000001,5
2012,POR,129,19,0.14728682170542637,0.6000000000000001,5
2012,SFO,269,94,0.34944237918215615,0.6000000000000001,5
2013,SDG,218,66,0.30275229357798167,0.6000000000000001,5
2013,SFO,300,99,0.33,0.6000000000000001,5
2013,SEA,194,74,0.38144329896907214,0.6000000000000001,5
2013,MIN,103,21,0.20388349514563106,0.6000000000000001,5
2013,ORA,171,52,0.30409356725146197,0.6000000000000001,5
2014,SFO,300,90,0.3,0.6000000000000001,5
2014,POR,148,51,0.34459459459459457,0.6000000000000001,5
2014,HON,123,26,0.21138211382113822,0.6000000000000001,5
2014,ORA,183,53,0.2896174863387978,0.6000000000000001,5
2014,SEA,187,52,0.27807486631016043,0.6000000000000001,5
2015,POR,147,70,0.47619047619047616,0.6000000000000001,5
2015,ORA,194,74,0.38144329896907214,0.6000000000000001,5
2015,SFO,300,88,0.29333333333333333,0.6000000000000001,5
2015,SDG,193,78,0.40414507772020725,0.6000000000000001,5
2015,MIN,90,28,0.3111111111111111,0.6000000000000001,5
2016,MIN,64,18,0.28125,0.6000000000000001,5
2016,POR,119,46,0.3865546218487395,0.6000000000000001,5
2016,SFO,300,120,0.4,0.6000000000000001,5
2016,ORA,140,62,0.44285714285714284,0.6000000000000001,5
2016,SDG,195,109,0.558974358974359,0.6000000000000001,5
2017,POR,124,28,0.22580645161290322,0.6000000000000001,5
2017,SFO,242,101,0.41735537190082644,0.6000000000000001,5
2017,SDG,147,72,0.4897959183673469,0.6000000000000001,5
2017,ORA,163,76,0.4662576687116564,0.6000000000000001,5
2017,PHI,300,116,0.38666666666666666,0.6000000000000001,5
2018,SDG,133,79,0.5939849624060151,0.6000000000000001,5
2018,PHI,300,159,0.53,0.6000000000000001,5
2018,ORA,156,84,0.5384615384615384,0.6000000000000001,5
2018,SEA,229,100,0.4366812227074236,0.6000000000000001,5
2018,SFO,249,106,0.42570281124497994,0.6000000000000001,5
2019,SEA,176,44,0.25,0.6000000000000001,5
2019,SDG,103,49,0.47572815533980584,0.6000000000000001,5
2019,PHI,155,75,0.4838709677419355,0.6000000000000001,5
2019,SFO,208,94,0.4519230769230769,0.6000000000000001,5
2019,ORA,165,64,0.3878787878787879,0.6000000000000001,5
2020,HON,49,15,0.30612244897959184,0.6000000000000001,5
2020,BHM,161,71,0.4409937888198758,0.6000000000000001,5
2020,SDG,130,56,0.4307692307692308,0.6000000000000001,5
2020,PHI,194,86,0.44329896907216493,0.6000000000000001,5
2020,SFO,257,102,0.3968871595330739,0.6000000000000001,5
2021,NOR,66,24,0.36363636363636365,0.6000000000000001,5
2021,BHM,112,65,0.5803571428571429,0.6000000000000001,5
2021,PHI,255,87,0.3411764705882353,0.6000000000000001,5
2021,SDG,18,12,0.6666666666666666,0.6000000000000001,5
2021,SFO,177,71,0.4011299435028249,0.6000000000000001,5
2022,SDG,18,12,0.6666666666666666,0.6000000000000001,5
2022,BHM,112,65,0.5803571428571429,0.6000000000000001,5
2022,SEA,179,83,0.46368715083798884,0.6000000000000001,5
2022,HON,47,20,0.425531914893617,0.6000000000000001,5
2022,SFO,177,71,0.4011299435028249,0.6000000000000001,5
2000,HON,79,16,0.20253164556962025,0.8,5
2000,ORA,129,3,0.023255813953488372,0.8,5
2000,NOR,126,0,0.0,0.8,5
2000,SEA,254,0,0.0,0.8,5
2000,SDG,235,5,0.02127659574468085,0.8,5
2001,SDG,249,41,0.1646586345381526,0.8,5
2001,CHI,283,0,0.0,0.8,5
2001,SFO,283,19,0.06713780918727916,0.8,5
2001,HON,94,11,0.11702127659574468,0.8,5
2001,ORA,175,20,0.11428571428571428,0.8,5
2002,SDG,257,34,0.13229571984435798,0.8,5
2002,HON,120,16,0.13333333333333333,0.8,5
2002,SEA,258,18,0.06976744186046512,0.8,5
2002,ORA,178,56,0.3146067415730337,0.8,5
2002,SFO,276,53,0.19202898550724637,0.8,5
2003,ORA,161,33,0.20496894409937888,0.8,5
2003,SFO,300,73,0.24333333333333335,0.8,5
2003,SDG,253,52,0.20553359683794467,0.8,5
2003,HON,92,21,0.22826086956521738,0.8,5
2003,SEA,235,38,0.16170212765957448,0.8,5
2004,SFO,300,94,0.31333333333333335,0.8,5
2004,SDG,294,77,0.2619047619047619,0.8,5
2004,HON,88,17,0.19318181818181818,0.8,5
2004,SEA,268,31,0.11567164179104478,0.8,5
2004,ORA,120,33,0.275,0.8,5
2005,POR,169,46,0.27218934911242604,0.8,5
2005,ORA,133,46,0.3458646616541353,0.8,5
2005,SFO,299,133,0.44481605351170567,0.8,5
2005,SDG,262,92,0.3511450381679389,0.8,5
2005,HON,95,34,0.35789473684210527,0.8,5
2006,HON,70,20,0.2857142857142857,0.8,5
2006,ORA,117,48,0.41025641025641024,0.8,5
2006,SEA,188,55,0.2925531914893617,0.8,5
2006,SDG,190,69,0.3631578947368421,0.8,5
2006,SFO,300,94,0.31333333333333335,0.8,5
2007,SEA,163,51,0.3128834355828221,0.8,5
2007,SDG,182,53,0.29120879120879123,0.8,5
2007,ORA,87,29,0.3333333333333333,0.8,5
2007,SFO,211,55,0.26066350710900477,0.8,5
2007,PHI,253,52,0.20553359683794467,0.8,5
2008,ORA,82,15,0.18292682926829268,0.8,5
2008,SEA,162,34,0.20987654320987653,0.8,5
2008,SDG,172,36,0.20930232558139536,0.8,5
2008,HON,74,33,0.44594594594594594,0.8,5
2008,POR,105,21,0.2,0.8,5
2009,MIN,71,17,0.23943661971830985,0.8,5
2009,SEA,238,114,0.4789915966386555,0.8,5
2009,POR,106,27,0.25471698113207547,0.8,5
2009,HON,78,27,0.34615384615384615,0.8,5
2009,SDG,205,41,0.2,0.8,5
2010,ORA,107,27,0.2523364485981308,0.8,5
2010,MIN,47,11,0.23404255319148937,0.8,5
2010,SEA,167,70,0.41916167664670656,0.8,5
2010,HON,61,18,0.29508196721311475,0.8,5
2010,POR,167,40,0.23952095808383234,0.8,5
2011,ORA,124,42,0.3387096774193548,0.8,5
2011,SEA,149,48,0.3221476510067114,0.8,5
2011,SFO,258,85,0.32945736434108525,0.8,5
2011,SDG,205,79,0.3853658536585366,0.8,5
2011,HON,98,18,0.1836734693877551,0.8,5
2012,ORA,124,55,0.4435483870967742,0.8,5
2012,SEA,143,63,0.4405594405594406,0.8,5
2012,SDG,176,56,0.3181818181818182,0.8,5
2012,POR,129,19,0.14728682170542637,0.8,5
2012,SFO,269,94,0.34944237918215615,0.8,5
2013,SDG,218,66,0.30275229357798167,0.8,5
2013,SFO,300,99,0.33,0.8,5
2013,SEA,194,74,0.38144329896907214,0.8,5
2013,MIN,103,21,0.20388349514563106,0.8,5
2013,ORA,171,52,0.30409356725146197,0.8,5
2014,SFO,300,90,0.3,0.8,5
2014,POR,148,51,0.34459459459459457,0.8,5
2014,HON,123,26,0.21138211382113822,0.8,5
2014,ORA,183,53,0.2896174863387978,0.8,5
2014,SEA,187,52,0.27807486631016043,0.8,5
2015,POR,147,70,0.47619047619047616,0.8,5
2015,ORA,194,74,0.38144329896907214,0.8,5
2015,SFO,300,88,0.29333333333333333,0.8,5
2015,SDG,193,78,0.40414507772020725,0.8,5
2015,MIN,90,28,0.3111111111111111,0.8,5
2016,MIN,64,18,0.28125,0.8,5
2016,POR,119,46,0.3865546218487395,0.8,5
2016,SFO,300,120,0.4,0.8,5
2016,ORA,140,62,0.44285714285714284,0.8,5
2016,SDG,195,109,0.558974358974359,0.8,5
2017,POR,124,28,0.22580645161290322,0.8,5
2017,SFO,242,101,0.41735537190082644,0.8,5
2017,SDG,147,72,0.4897959183673469,0.8,5
2017,ORA,163,76,0.4662576687116564,0.8,5
2017,PHI,300,116,0.38666666666666666,0.8,5
2018,SDG,133,79,0.5939849624060151,0.8,5
2018,PHI,300,159,0.53,0.8,5
2018,ORA,156,84,0.5384615384615384,0.8,5
2018,SEA,229,100,0.4366812227074236,0.8,5
2018,SFO,249,106,0.42570281124497994,0.8,5
2019,SEA,176,44,0.25,0.8,5
2019,SDG,103,49,0.47572815533980584,0.8,5
2019,PHI,155,75,0.4838709677419355,0.8,5
2019,SFO,208,94,0.4519230769230769,0.8,5
2019,ORA,165,64,0.3878787878787879,0.8,5
2020,ALB,94,25,0.26595744680851063,0.8,5
2020,BHM,161,71,0.4409937888198758,0.8,5
2020,SDG,130,56,0.4307692307692308,0.8,5
2020,PHI,194,86,0.44329896907216493,0.8,5
2020,SFO,257,102,0.3968871595330739,0.8,5
2021,NOR,66,24,0.36363636363636365,0.8,5
2021,BHM,112,65,0.5803571428571429,0.8,5
2021,PHI,255,87,0.3411764705882353,0.8,5
2021,SDG,18,12,0.6666666666666666,0.8,5
2021,SFO,177,71,0.4011299435028249,0.8,5
2022,SDG,18,12,0.6666666666666666,0.8,5
2022,BHM,112,65,0.5803571428571429,0.8,5
2022,SEA,179,83,0.46368715083798884,0.8,5
2022,HON,47,20,0.425531914893617,0.8,5
2022,SFO,177,71,0.4011299435028249,0.8,5
2000,ALB,147,0,0.0,1.0,5
2000,SFO,297,10,0.03367003367003367,1.0,5
2000,HON,79,16,0.20253164556962025,1.0,5
2000,NOR,126,0,0.0,1.0,5
2000,SEA,254,0,0.0,1.0,5
2001,CHI,283,0,0.0,1.0,5
2001,BHM,299,0,0.0,1.0,5
2001,PHI,300,3,0.01,1.0,5
2001,CLE,276,0,0.0,1.0,5
2001,ORA,175,20,0.11428571428571428,1.0,5
2002,PHX,227,6,0.02643171806167401,1.0,5
2002,POR,132,4,0.030303030303030304,1.0,5
2002,DAL,294,6,0.02040816326530612,1.0,5
2002,SEA,258,18,0.06976744186046512,1.0,5
2002,MIN,215,5,0.023255813953488372,1.0,5
2003,POR,191,22,0.11518324607329843,1.0,5
2003,SDG,253,52,0.20553359683794467,1.0,5
2003,MIN,237,22,0.09282700421940929,1.0,5
2003,DAL,299,9,0.030100334448160536,1.0,5
2003,SEA,235,38,0.16170212765957448,1.0,5
2004,DAL,281,9,0.03202846975088968,1.0,5
2004,PHX,283,20,0.0706713780918728,1.0,5
2004,CLE,283,8,0.028268551236749116,1.0,5
2004,HON,88,17,0.19318181818181818,1.0,5
2004,SEA,268,31,0.11567164179104478,1.0,5
2005,POR,169,46,0.27218934911242604,1.0,5
2005,PHX,270,32,0.11851851851851852,1.0,5
2005,CHI,296,12,0.04054054054054054,1.0,5
2005,SDG,262,92,0.3511450381679389,1.0,5
2005,HON,95,34,0.35789473684210527,1.0,5
2006,NOR,249,45,0.18072289156626506,1.0,5
2006,HON,70,20,0.2857142857142857,1.0,5
2006,PHI,282,82,0.2907801418439716,1.0,5
2006,ORA,117,48,0.41025641025641024,1.0,5
2006,SFO,300,94,0.31333333333333335,1.0,5
2007,POR,157,81,0.5159235668789809,1.0,5
2007,HON,79,32,0.4050632911392405,1.0,5
2007,SEA,163,51,0.3128834355828221,1.0,5
2007,ORA,87,29,0.3333333333333333,1.0,5
2007,BHM,240,20,0.08333333333333333,1.0,5
2008,SFO,260,26,0.1,1.0,5
2008,NOR,242,19,0.07851239669421488,1.0,5
2008,PHX,227,36,0.15859030837004406,1.0,5
2008,SDG,172,36,0.20930232558139536,1.0,5
2008,POR,105,21,0.2,1.0,5
2009,MIN,71,17,0.23943661971830985,1.0,5
2009,BHM,266,29,0.10902255639097744,1.0,5
2009,HON,78,27,0.34615384615384615,1.0,5
2009,CHI,125,24,0.192,1.0,5
2009,SDG,205,41,0.2,1.0,5
2010,SFO,212,68,0.32075471698113206,1.0,5
2010,SEA,167,70,0.41916167664670656,1.0,5
2010,HON,61,18,0.29508196721311475,1.0,5
2010,POR,167,40,0.23952095808383234,1.0,5
2010,NOR,248,28,0.11290322580645161,1.0,5
2011,POR,115,24,0.20869565217391303,1.0,5
2011,SEA,149,48,0.3221476510067114,1.0,5
2011,SDG,205,79,0.3853658536585366,1.0,5
2011,DAL,283,33,0.1166077738515901,1.0,5
2011,CHI,275,23,0.08363636363636363,1.0,5
2012,SEA,143,63,0.4405594405594406,1.0,5
2012,DAL,287,30,0.10452961672473868,1.0,5
2012,POR,129,19,0.14728682170542637,1.0,5
2012,CLE,167,2,0.011976047904191617,1.0,5
2012,HON,73,8,0.1095890410958904,1.0,5
2013,SEA,194,74,0.38144329896907214,1.0,5
2013,MIN,103,21,0.20388349514563106,1.0,5
2013,POR,128,48,0.375,1.0,5
2013,ORA,171,52,0.30409356725146197,1.0,5
2013,NOR,171,22,0.1286549707602339,1.0,5
2014,CHI,150,22,0.14666666666666667,1.0,5
2014,SFO,300,90,0.3,1.0,5
2014,NOR,131,27,0.20610687022900764,1.0,5
2014,HON,123,26,0.21138211382113822,1.0,5
2014,SEA,187,52,0.27807486631016043,1.0,5
2015,POR,147,70,0.47619047619047616,1.0,5
2015,DAL,300,74,0.24666666666666667,1.0,5
2015,BHM,189,31,0.164021164021164,1.0,5
2015,SDG,193,78,0.40414507772020725,1.0,5
2015,NOR,161,40,0.2484472049689441,1.0,5
2016,POR,119,46,0.3865546218487395,1.0,5
2016,SEA,246,80,0.3252032520325203,1.0,5
2016,DAL,282,58,0.20567375886524822,1.0,5
2016,BHM,123,29,0.23577235772357724,1.0,5
2016,ORA,140,62,0.44285714285714284,1.0,5
2017,POR,124,28,0.22580645161290322,1.0,5
2017,BHM,98,25,0.25510204081632654,1.0,5
2017,NOR,123,44,0.35772357723577236,1.0,5
2017,ORA,163,76,0.4662576687116564,1.0,5
2017,PHI,300,116,0.38666666666666666,1.0,5
2018,DAL,300,85,0.2833333333333333,1.0,5
2018,SDG,133,79,0.5939849624060151,1.0,5
2018,ORA,156,84,0.5384615384615384,1.0,5
2018,SFO,249,106,0.42570281124497994,1.0,5
2018,PHX,300,95,0.31666666666666665,1.0,5
2019,BHM,111,55,0.4954954954954955,1.0,5
2019,PHX,300,90,0.3,1.0,5
2019,CLE,47,12,0.2553191489361702,1.0,5
2019,POR,102,21,0.20588235294117646,1.0,5
2019,DAL,243,85,0.3497942386831276,1.0,5
2020,HON,49,15,0.30612244897959184,1.0,5
2020,PHI,194,86,0.44329896907216493,1.0,5
2020,CLE,53,15,0.2830188679245283,1.0,5
2020,SFO,257,102,0.3968871595330739,1.0,5
2020,DAL,256,80,0.3125,1.0,5
2021,MIN,113,24,0.21238938053097345,1.0,5
2021,ALB,91,20,0.21978021978021978,1.0,5
2021,ORA,117,41,0.3504273504273504,1.0,5
2021,SFO,177,71,0.4011299435028249,1.0,5
2021,SEA,179,83,0.46368715083798884,1.0,5
2022,SDG,18,12,0.6666666666666666,1.0,5
2022,BHM,112,65,0.5803571428571429,1.0,5
2022,SEA,179,83,0.46368715083798884,1.0,5
2022,POR,71,27,0.38028169014084506,1.0,5
2022,ORA,117,41,0.3504273504273504,1.0,5
