Site number,Prevalence,Total,UnnecessaryUsePercentage,FailureToTreatPercentage
5,"[0.    0.002 0.004 0.006 0.008 0.01  0.012 0.014 0.016 0.018 0.02  0.022
 0.024 0.026 0.028 0.03  0.032 0.034 0.036 0.038 0.04  0.042 0.044 0.046
 0.048 0.05  0.052 0.054 0.056 0.058 0.06  0.062 0.064 0.066 0.068 0.07
 0.072 0.074 0.076 0.078 0.08  0.082 0.084 0.086 0.088 0.09  0.092 0.094
 0.096 0.098 0.1   0.102 0.104 0.106 0.108 0.11  0.112 0.114 0.116 0.118
 0.12  0.122 0.124 0.126 0.128 0.13  0.132 0.134 0.136 0.138 0.14  0.142
 0.144 0.146 0.148 0.15  0.152 0.154 0.156 0.158]",123718,6.77577600375832e-06,0.0
5,"[0.    0.002 0.004 0.006 0.008 0.01  0.012 0.014 0.016 0.018 0.02  0.022
 0.024 0.026 0.028 0.03  0.032 0.034 0.036 0.038 0.04  0.042 0.044 0.046
 0.048 0.05  0.052 0.054 0.056 0.058 0.06  0.062 0.064 0.066 0.068 0.07
 0.072 0.074 0.076 0.078 0.08  0.082 0.084 0.086 0.088 0.09  0.092 0.094
 0.096 0.098 0.1   0.102 0.104 0.106 0.108 0.11  0.112 0.114 0.116 0.118
 0.12  0.122 0.124 0.126 0.128 0.13  0.132 0.134 0.136 0.138 0.14  0.142
 0.144 0.146 0.148 0.15  0.152 0.154 0.156 0.158]",123718,6.77577600375832e-06,0.0
5,"[0.    0.002 0.004 0.006 0.008 0.01  0.012 0.014 0.016 0.018 0.02  0.022
 0.024 0.026 0.028 0.03  0.032 0.034 0.036 0.038 0.04  0.042 0.044 0.046
 0.048 0.05  0.052 0.054 0.056 0.058 0.06  0.062 0.064 0.066 0.068 0.07
 0.072 0.074 0.076 0.078 0.08  0.082 0.084 0.086 0.088 0.09  0.092 0.094
 0.096 0.098 0.1   0.102 0.104 0.106 0.108 0.11  0.112 0.114 0.116 0.118
 0.12  0.122 0.124 0.126 0.128 0.13  0.132 0.134 0.136 0.138 0.14  0.142
 0.144 0.146 0.148 0.15  0.152 0.154 0.156 0.158]",123718,6.77577600375832e-06,0.0
5,"[0.    0.002 0.004 0.006 0.008 0.01  0.012 0.014 0.016 0.018 0.02  0.022
 0.024 0.026 0.028 0.03  0.032 0.034 0.036 0.038 0.04  0.042 0.044 0.046
 0.048 0.05  0.052 0.054 0.056 0.058 0.06  0.062 0.064 0.066 0.068 0.07
 0.072 0.074 0.076 0.078 0.08  0.082 0.084 0.086 0.088 0.09  0.092 0.094
 0.096 0.098 0.1   0.102 0.104 0.106 0.108 0.11  0.112 0.114 0.116 0.118
 0.12  0.122 0.124 0.126 0.128 0.13  0.132 0.134 0.136 0.138 0.14  0.142
 0.144 0.146 0.148 0.15  0.152 0.154 0.156 0.158]",123718,6.77577600375832e-06,0.0
5,"[0.    0.002 0.004 0.006 0.008 0.01  0.012 0.014 0.016 0.018 0.02  0.022
 0.024 0.026 0.028 0.03  0.032 0.034 0.036 0.038 0.04  0.042 0.044 0.046
 0.048 0.05  0.052 0.054 0.056 0.058 0.06  0.062 0.064 0.066 0.068 0.07
 0.072 0.074 0.076 0.078 0.08  0.082 0.084 0.086 0.088 0.09  0.092 0.094
 0.096 0.098 0.1   0.102 0.104 0.106 0.108 0.11  0.112 0.114 0.116 0.118
 0.12  0.122 0.124 0.126 0.128 0.13  0.132 0.134 0.136 0.138 0.14  0.142
 0.144 0.146 0.148 0.15  0.152 0.154 0.156 0.158]",123718,6.77577600375832e-06,0.0
5,"[0.    0.002 0.004 0.006 0.008 0.01  0.012 0.014 0.016 0.018 0.02  0.022
 0.024 0.026 0.028 0.03  0.032 0.034 0.036 0.038 0.04  0.042 0.044 0.046
 0.048 0.05  0.052 0.054 0.056 0.058 0.06  0.062 0.064 0.066 0.068 0.07
 0.072 0.074 0.076 0.078 0.08  0.082 0.084 0.086 0.088 0.09  0.092 0.094
 0.096 0.098 0.1   0.102 0.104 0.106 0.108 0.11  0.112 0.114 0.116 0.118
 0.12  0.122 0.124 0.126 0.128 0.13  0.132 0.134 0.136 0.138 0.14  0.142
 0.144 0.146 0.148 0.15  0.152 0.154 0.156 0.158]",123718,6.77577600375832e-06,0.0
5,"[0.    0.002 0.004 0.006 0.008 0.01  0.012 0.014 0.016 0.018 0.02  0.022
 0.024 0.026 0.028 0.03  0.032 0.034 0.036 0.038 0.04  0.042 0.044 0.046
 0.048 0.05  0.052 0.054 0.056 0.058 0.06  0.062 0.064 0.066 0.068 0.07
 0.072 0.074 0.076 0.078 0.08  0.082 0.084 0.086 0.088 0.09  0.092 0.094
 0.096 0.098 0.1   0.102 0.104 0.106 0.108 0.11  0.112 0.114 0.116 0.118
 0.12  0.122 0.124 0.126 0.128 0.13  0.132 0.134 0.136 0.138 0.14  0.142
 0.144 0.146 0.148 0.15  0.152 0.154 0.156 0.158]",123718,6.77577600375832e-06,0.0
5,"[0.    0.002 0.004 0.006 0.008 0.01  0.012 0.014 0.016 0.018 0.02  0.022
 0.024 0.026 0.028 0.03  0.032 0.034 0.036 0.038 0.04  0.042 0.044 0.046
 0.048 0.05  0.052 0.054 0.056 0.058 0.06  0.062 0.064 0.066 0.068 0.07
 0.072 0.074 0.076 0.078 0.08  0.082 0.084 0.086 0.088 0.09  0.092 0.094
 0.096 0.098 0.1   0.102 0.104 0.106 0.108 0.11  0.112 0.114 0.116 0.118
 0.12  0.122 0.124 0.126 0.128 0.13  0.132 0.134 0.136 0.138 0.14  0.142
 0.144 0.146 0.148 0.15  0.152 0.154 0.156 0.158]",123718,6.77577600375832e-06,0.0
5,"[0.    0.002 0.004 0.006 0.008 0.01  0.012 0.014 0.016 0.018 0.02  0.022
 0.024 0.026 0.028 0.03  0.032 0.034 0.036 0.038 0.04  0.042 0.044 0.046
 0.048 0.05  0.052 0.054 0.056 0.058 0.06  0.062 0.064 0.066 0.068 0.07
 0.072 0.074 0.076 0.078 0.08  0.082 0.084 0.086 0.088 0.09  0.092 0.094
 0.096 0.098 0.1   0.102 0.104 0.106 0.108 0.11  0.112 0.114 0.116 0.118
 0.12  0.122 0.124 0.126 0.128 0.13  0.132 0.134 0.136 0.138 0.14  0.142
 0.144 0.146 0.148 0.15  0.152 0.154 0.156 0.158]",123718,6.77577600375832e-06,0.0
5,"[0.    0.002 0.004 0.006 0.008 0.01  0.012 0.014 0.016 0.018 0.02  0.022
 0.024 0.026 0.028 0.03  0.032 0.034 0.036 0.038 0.04  0.042 0.044 0.046
 0.048 0.05  0.052 0.054 0.056 0.058 0.06  0.062 0.064 0.066 0.068 0.07
 0.072 0.074 0.076 0.078 0.08  0.082 0.084 0.086 0.088 0.09  0.092 0.094
 0.096 0.098 0.1   0.102 0.104 0.106 0.108 0.11  0.112 0.114 0.116 0.118
 0.12  0.122 0.124 0.126 0.128 0.13  0.132 0.134 0.136 0.138 0.14  0.142
 0.144 0.146 0.148 0.15  0.152 0.154 0.156 0.158]",123718,6.0653423152887455e-06,3.723994872426495e-09
5,"[0.    0.002 0.004 0.006 0.008 0.01  0.012 0.014 0.016 0.018 0.02  0.022
 0.024 0.026 0.028 0.03  0.032 0.034 0.036 0.038 0.04  0.042 0.044 0.046
 0.048 0.05  0.052 0.054 0.056 0.058 0.06  0.062 0.064 0.066 0.068 0.07
 0.072 0.074 0.076 0.078 0.08  0.082 0.084 0.086 0.088 0.09  0.092 0.094
 0.096 0.098 0.1   0.102 0.104 0.106 0.108 0.11  0.112 0.114 0.116 0.118
 0.12  0.122 0.124 0.126 0.128 0.13  0.132 0.134 0.136 0.138 0.14  0.142
 0.144 0.146 0.148 0.15  0.152 0.154 0.156 0.158]",123718,6.0653423152887455e-06,3.723994872426495e-09
5,"[0.    0.002 0.004 0.006 0.008 0.01  0.012 0.014 0.016 0.018 0.02  0.022
 0.024 0.026 0.028 0.03  0.032 0.034 0.036 0.038 0.04  0.042 0.044 0.046
 0.048 0.05  0.052 0.054 0.056 0.058 0.06  0.062 0.064 0.066 0.068 0.07
 0.072 0.074 0.076 0.078 0.08  0.082 0.084 0.086 0.088 0.09  0.092 0.094
 0.096 0.098 0.1   0.102 0.104 0.106 0.108 0.11  0.112 0.114 0.116 0.118
 0.12  0.122 0.124 0.126 0.128 0.13  0.132 0.134 0.136 0.138 0.14  0.142
 0.144 0.146 0.148 0.15  0.152 0.154 0.156 0.158]",123718,6.0653423152887455e-06,3.723994872426495e-09
5,"[0.    0.002 0.004 0.006 0.008 0.01  0.012 0.014 0.016 0.018 0.02  0.022
 0.024 0.026 0.028 0.03  0.032 0.034 0.036 0.038 0.04  0.042 0.044 0.046
 0.048 0.05  0.052 0.054 0.056 0.058 0.06  0.062 0.064 0.066 0.068 0.07
 0.072 0.074 0.076 0.078 0.08  0.082 0.084 0.086 0.088 0.09  0.092 0.094
 0.096 0.098 0.1   0.102 0.104 0.106 0.108 0.11  0.112 0.114 0.116 0.118
 0.12  0.122 0.124 0.126 0.128 0.13  0.132 0.134 0.136 0.138 0.14  0.142
 0.144 0.146 0.148 0.15  0.152 0.154 0.156 0.158]",123718,6.0653423152887455e-06,3.723994872426495e-09
5,"[0.    0.002 0.004 0.006 0.008 0.01  0.012 0.014 0.016 0.018 0.02  0.022
 0.024 0.026 0.028 0.03  0.032 0.034 0.036 0.038 0.04  0.042 0.044 0.046
 0.048 0.05  0.052 0.054 0.056 0.058 0.06  0.062 0.064 0.066 0.068 0.07
 0.072 0.074 0.076 0.078 0.08  0.082 0.084 0.086 0.088 0.09  0.092 0.094
 0.096 0.098 0.1   0.102 0.104 0.106 0.108 0.11  0.112 0.114 0.116 0.118
 0.12  0.122 0.124 0.126 0.128 0.13  0.132 0.134 0.136 0.138 0.14  0.142
 0.144 0.146 0.148 0.15  0.152 0.154 0.156 0.158]",123718,6.0653423152887455e-06,3.723994872426495e-09
5,"[0.    0.002 0.004 0.006 0.008 0.01  0.012 0.014 0.016 0.018 0.02  0.022
 0.024 0.026 0.028 0.03  0.032 0.034 0.036 0.038 0.04  0.042 0.044 0.046
 0.048 0.05  0.052 0.054 0.056 0.058 0.06  0.062 0.064 0.066 0.068 0.07
 0.072 0.074 0.076 0.078 0.08  0.082 0.084 0.086 0.088 0.09  0.092 0.094
 0.096 0.098 0.1   0.102 0.104 0.106 0.108 0.11  0.112 0.114 0.116 0.118
 0.12  0.122 0.124 0.126 0.128 0.13  0.132 0.134 0.136 0.138 0.14  0.142
 0.144 0.146 0.148 0.15  0.152 0.154 0.156 0.158]",123718,6.0653423152887455e-06,3.723994872426495e-09
5,"[0.    0.002 0.004 0.006 0.008 0.01  0.012 0.014 0.016 0.018 0.02  0.022
 0.024 0.026 0.028 0.03  0.032 0.034 0.036 0.038 0.04  0.042 0.044 0.046
 0.048 0.05  0.052 0.054 0.056 0.058 0.06  0.062 0.064 0.066 0.068 0.07
 0.072 0.074 0.076 0.078 0.08  0.082 0.084 0.086 0.088 0.09  0.092 0.094
 0.096 0.098 0.1   0.102 0.104 0.106 0.108 0.11  0.112 0.114 0.116 0.118
 0.12  0.122 0.124 0.126 0.128 0.13  0.132 0.134 0.136 0.138 0.14  0.142
 0.144 0.146 0.148 0.15  0.152 0.154 0.156 0.158]",123718,6.0653423152887455e-06,3.723994872426495e-09
5,"[0.    0.002 0.004 0.006 0.008 0.01  0.012 0.014 0.016 0.018 0.02  0.022
 0.024 0.026 0.028 0.03  0.032 0.034 0.036 0.038 0.04  0.042 0.044 0.046
 0.048 0.05  0.052 0.054 0.056 0.058 0.06  0.062 0.064 0.066 0.068 0.07
 0.072 0.074 0.076 0.078 0.08  0.082 0.084 0.086 0.088 0.09  0.092 0.094
 0.096 0.098 0.1   0.102 0.104 0.106 0.108 0.11  0.112 0.114 0.116 0.118
 0.12  0.122 0.124 0.126 0.128 0.13  0.132 0.134 0.136 0.138 0.14  0.142
 0.144 0.146 0.148 0.15  0.152 0.154 0.156 0.158]",123718,6.0653423152887455e-06,3.723994872426495e-09
5,"[0.    0.002 0.004 0.006 0.008 0.01  0.012 0.014 0.016 0.018 0.02  0.022
 0.024 0.026 0.028 0.03  0.032 0.034 0.036 0.038 0.04  0.042 0.044 0.046
 0.048 0.05  0.052 0.054 0.056 0.058 0.06  0.062 0.064 0.066 0.068 0.07
 0.072 0.074 0.076 0.078 0.08  0.082 0.084 0.086 0.088 0.09  0.092 0.094
 0.096 0.098 0.1   0.102 0.104 0.106 0.108 0.11  0.112 0.114 0.116 0.118
 0.12  0.122 0.124 0.126 0.128 0.13  0.132 0.134 0.136 0.138 0.14  0.142
 0.144 0.146 0.148 0.15  0.152 0.154 0.156 0.158]",123718,5.7239761186496494e-06,1.1302651104031291e-08
5,"[0.    0.002 0.004 0.006 0.008 0.01  0.012 0.014 0.016 0.018 0.02  0.022
 0.024 0.026 0.028 0.03  0.032 0.034 0.036 0.038 0.04  0.042 0.044 0.046
 0.048 0.05  0.052 0.054 0.056 0.058 0.06  0.062 0.064 0.066 0.068 0.07
 0.072 0.074 0.076 0.078 0.08  0.082 0.084 0.086 0.088 0.09  0.092 0.094
 0.096 0.098 0.1   0.102 0.104 0.106 0.108 0.11  0.112 0.114 0.116 0.118
 0.12  0.122 0.124 0.126 0.128 0.13  0.132 0.134 0.136 0.138 0.14  0.142
 0.144 0.146 0.148 0.15  0.152 0.154 0.156 0.158]",123718,5.7239761186496494e-06,1.1302651104031291e-08
5,"[0.    0.002 0.004 0.006 0.008 0.01  0.012 0.014 0.016 0.018 0.02  0.022
 0.024 0.026 0.028 0.03  0.032 0.034 0.036 0.038 0.04  0.042 0.044 0.046
 0.048 0.05  0.052 0.054 0.056 0.058 0.06  0.062 0.064 0.066 0.068 0.07
 0.072 0.074 0.076 0.078 0.08  0.082 0.084 0.086 0.088 0.09  0.092 0.094
 0.096 0.098 0.1   0.102 0.104 0.106 0.108 0.11  0.112 0.114 0.116 0.118
 0.12  0.122 0.124 0.126 0.128 0.13  0.132 0.134 0.136 0.138 0.14  0.142
 0.144 0.146 0.148 0.15  0.152 0.154 0.156 0.158]",123718,5.7239761186496494e-06,1.1302651104031291e-08
5,"[0.    0.002 0.004 0.006 0.008 0.01  0.012 0.014 0.016 0.018 0.02  0.022
 0.024 0.026 0.028 0.03  0.032 0.034 0.036 0.038 0.04  0.042 0.044 0.046
 0.048 0.05  0.052 0.054 0.056 0.058 0.06  0.062 0.064 0.066 0.068 0.07
 0.072 0.074 0.076 0.078 0.08  0.082 0.084 0.086 0.088 0.09  0.092 0.094
 0.096 0.098 0.1   0.102 0.104 0.106 0.108 0.11  0.112 0.114 0.116 0.118
 0.12  0.122 0.124 0.126 0.128 0.13  0.132 0.134 0.136 0.138 0.14  0.142
 0.144 0.146 0.148 0.15  0.152 0.154 0.156 0.158]",123718,5.7239761186496494e-06,1.1302651104031291e-08
5,"[0.    0.002 0.004 0.006 0.008 0.01  0.012 0.014 0.016 0.018 0.02  0.022
 0.024 0.026 0.028 0.03  0.032 0.034 0.036 0.038 0.04  0.042 0.044 0.046
 0.048 0.05  0.052 0.054 0.056 0.058 0.06  0.062 0.064 0.066 0.068 0.07
 0.072 0.074 0.076 0.078 0.08  0.082 0.084 0.086 0.088 0.09  0.092 0.094
 0.096 0.098 0.1   0.102 0.104 0.106 0.108 0.11  0.112 0.114 0.116 0.118
 0.12  0.122 0.124 0.126 0.128 0.13  0.132 0.134 0.136 0.138 0.14  0.142
 0.144 0.146 0.148 0.15  0.152 0.154 0.156 0.158]",123718,5.7239761186496494e-06,1.1302651104031291e-08
5,"[0.    0.002 0.004 0.006 0.008 0.01  0.012 0.014 0.016 0.018 0.02  0.022
 0.024 0.026 0.028 0.03  0.032 0.034 0.036 0.038 0.04  0.042 0.044 0.046
 0.048 0.05  0.052 0.054 0.056 0.058 0.06  0.062 0.064 0.066 0.068 0.07
 0.072 0.074 0.076 0.078 0.08  0.082 0.084 0.086 0.088 0.09  0.092 0.094
 0.096 0.098 0.1   0.102 0.104 0.106 0.108 0.11  0.112 0.114 0.116 0.118
 0.12  0.122 0.124 0.126 0.128 0.13  0.132 0.134 0.136 0.138 0.14  0.142
 0.144 0.146 0.148 0.15  0.152 0.154 0.156 0.158]",123718,5.7239761186496494e-06,1.1302651104031291e-08
5,"[0.    0.002 0.004 0.006 0.008 0.01  0.012 0.014 0.016 0.018 0.02  0.022
 0.024 0.026 0.028 0.03  0.032 0.034 0.036 0.038 0.04  0.042 0.044 0.046
 0.048 0.05  0.052 0.054 0.056 0.058 0.06  0.062 0.064 0.066 0.068 0.07
 0.072 0.074 0.076 0.078 0.08  0.082 0.084 0.086 0.088 0.09  0.092 0.094
 0.096 0.098 0.1   0.102 0.104 0.106 0.108 0.11  0.112 0.114 0.116 0.118
 0.12  0.122 0.124 0.126 0.128 0.13  0.132 0.134 0.136 0.138 0.14  0.142
 0.144 0.146 0.148 0.15  0.152 0.154 0.156 0.158]",123718,5.7239761186496494e-06,1.1302651104031291e-08
5,"[0.    0.002 0.004 0.006 0.008 0.01  0.012 0.014 0.016 0.018 0.02  0.022
 0.024 0.026 0.028 0.03  0.032 0.034 0.036 0.038 0.04  0.042 0.044 0.046
 0.048 0.05  0.052 0.054 0.056 0.058 0.06  0.062 0.064 0.066 0.068 0.07
 0.072 0.074 0.076 0.078 0.08  0.082 0.084 0.086 0.088 0.09  0.092 0.094
 0.096 0.098 0.1   0.102 0.104 0.106 0.108 0.11  0.112 0.114 0.116 0.118
 0.12  0.122 0.124 0.126 0.128 0.13  0.132 0.134 0.136 0.138 0.14  0.142
 0.144 0.146 0.148 0.15  0.152 0.154 0.156 0.158]",123718,5.7239761186496494e-06,1.1302651104031291e-08
5,"[0.    0.002 0.004 0.006 0.008 0.01  0.012 0.014 0.016 0.018 0.02  0.022
 0.024 0.026 0.028 0.03  0.032 0.034 0.036 0.038 0.04  0.042 0.044 0.046
 0.048 0.05  0.052 0.054 0.056 0.058 0.06  0.062 0.064 0.066 0.068 0.07
 0.072 0.074 0.076 0.078 0.08  0.082 0.084 0.086 0.088 0.09  0.092 0.094
 0.096 0.098 0.1   0.102 0.104 0.106 0.108 0.11  0.112 0.114 0.116 0.118
 0.12  0.122 0.124 0.126 0.128 0.13  0.132 0.134 0.136 0.138 0.14  0.142
 0.144 0.146 0.148 0.15  0.152 0.154 0.156 0.158]",123718,5.7239761186496494e-06,1.1302651104031291e-08
5,"[0.    0.002 0.004 0.006 0.008 0.01  0.012 0.014 0.016 0.018 0.02  0.022
 0.024 0.026 0.028 0.03  0.032 0.034 0.036 0.038 0.04  0.042 0.044 0.046
 0.048 0.05  0.052 0.054 0.056 0.058 0.06  0.062 0.064 0.066 0.068 0.07
 0.072 0.074 0.076 0.078 0.08  0.082 0.084 0.086 0.088 0.09  0.092 0.094
 0.096 0.098 0.1   0.102 0.104 0.106 0.108 0.11  0.112 0.114 0.116 0.118
 0.12  0.122 0.124 0.126 0.128 0.13  0.132 0.134 0.136 0.138 0.14  0.142
 0.144 0.146 0.148 0.15  0.152 0.154 0.156 0.158]",123718,5.7239761186496494e-06,1.1302651104031291e-08
5,"[0.    0.002 0.004 0.006 0.008 0.01  0.012 0.014 0.016 0.018 0.02  0.022
 0.024 0.026 0.028 0.03  0.032 0.034 0.036 0.038 0.04  0.042 0.044 0.046
 0.048 0.05  0.052 0.054 0.056 0.058 0.06  0.062 0.064 0.066 0.068 0.07
 0.072 0.074 0.076 0.078 0.08  0.082 0.084 0.086 0.088 0.09  0.092 0.094
 0.096 0.098 0.1   0.102 0.104 0.106 0.108 0.11  0.112 0.114 0.116 0.118
 0.12  0.122 0.124 0.126 0.128 0.13  0.132 0.134 0.136 0.138 0.14  0.142
 0.144 0.146 0.148 0.15  0.152 0.154 0.156 0.158]",123718,5.7239761186496494e-06,1.1302651104031291e-08
5,"[0.    0.002 0.004 0.006 0.008 0.01  0.012 0.014 0.016 0.018 0.02  0.022
 0.024 0.026 0.028 0.03  0.032 0.034 0.036 0.038 0.04  0.042 0.044 0.046
 0.048 0.05  0.052 0.054 0.056 0.058 0.06  0.062 0.064 0.066 0.068 0.07
 0.072 0.074 0.076 0.078 0.08  0.082 0.084 0.086 0.088 0.09  0.092 0.094
 0.096 0.098 0.1   0.102 0.104 0.106 0.108 0.11  0.112 0.114 0.116 0.118
 0.12  0.122 0.124 0.126 0.128 0.13  0.132 0.134 0.136 0.138 0.14  0.142
 0.144 0.146 0.148 0.15  0.152 0.154 0.156 0.158]",123718,5.7239761186496494e-06,1.1302651104031291e-08
5,"[0.    0.002 0.004 0.006 0.008 0.01  0.012 0.014 0.016 0.018 0.02  0.022
 0.024 0.026 0.028 0.03  0.032 0.034 0.036 0.038 0.04  0.042 0.044 0.046
 0.048 0.05  0.052 0.054 0.056 0.058 0.06  0.062 0.064 0.066 0.068 0.07
 0.072 0.074 0.076 0.078 0.08  0.082 0.084 0.086 0.088 0.09  0.092 0.094
 0.096 0.098 0.1   0.102 0.104 0.106 0.108 0.11  0.112 0.114 0.116 0.118
 0.12  0.122 0.124 0.126 0.128 0.13  0.132 0.134 0.136 0.138 0.14  0.142
 0.144 0.146 0.148 0.15  0.152 0.154 0.156 0.158]",123718,5.7239761186496494e-06,1.1302651104031291e-08
5,"[0.    0.002 0.004 0.006 0.008 0.01  0.012 0.014 0.016 0.018 0.02  0.022
 0.024 0.026 0.028 0.03  0.032 0.034 0.036 0.038 0.04  0.042 0.044 0.046
 0.048 0.05  0.052 0.054 0.056 0.058 0.06  0.062 0.064 0.066 0.068 0.07
 0.072 0.074 0.076 0.078 0.08  0.082 0.084 0.086 0.088 0.09  0.092 0.094
 0.096 0.098 0.1   0.102 0.104 0.106 0.108 0.11  0.112 0.114 0.116 0.118
 0.12  0.122 0.124 0.126 0.128 0.13  0.132 0.134 0.136 0.138 0.14  0.142
 0.144 0.146 0.148 0.15  0.152 0.154 0.156 0.158]",123718,5.7239761186496494e-06,1.1302651104031291e-08
5,"[0.    0.002 0.004 0.006 0.008 0.01  0.012 0.014 0.016 0.018 0.02  0.022
 0.024 0.026 0.028 0.03  0.032 0.034 0.036 0.038 0.04  0.042 0.044 0.046
 0.048 0.05  0.052 0.054 0.056 0.058 0.06  0.062 0.064 0.066 0.068 0.07
 0.072 0.074 0.076 0.078 0.08  0.082 0.084 0.086 0.088 0.09  0.092 0.094
 0.096 0.098 0.1   0.102 0.104 0.106 0.108 0.11  0.112 0.114 0.116 0.118
 0.12  0.122 0.124 0.126 0.128 0.13  0.132 0.134 0.136 0.138 0.14  0.142
 0.144 0.146 0.148 0.15  0.152 0.154 0.156 0.158]",123718,5.7239761186496494e-06,1.1302651104031291e-08
5,"[0.    0.002 0.004 0.006 0.008 0.01  0.012 0.014 0.016 0.018 0.02  0.022
 0.024 0.026 0.028 0.03  0.032 0.034 0.036 0.038 0.04  0.042 0.044 0.046
 0.048 0.05  0.052 0.054 0.056 0.058 0.06  0.062 0.064 0.066 0.068 0.07
 0.072 0.074 0.076 0.078 0.08  0.082 0.084 0.086 0.088 0.09  0.092 0.094
 0.096 0.098 0.1   0.102 0.104 0.106 0.108 0.11  0.112 0.114 0.116 0.118
 0.12  0.122 0.124 0.126 0.128 0.13  0.132 0.134 0.136 0.138 0.14  0.142
 0.144 0.146 0.148 0.15  0.152 0.154 0.156 0.158]",123718,5.315055348359871e-06,2.887729357214931e-08
5,"[0.    0.002 0.004 0.006 0.008 0.01  0.012 0.014 0.016 0.018 0.02  0.022
 0.024 0.026 0.028 0.03  0.032 0.034 0.036 0.038 0.04  0.042 0.044 0.046
 0.048 0.05  0.052 0.054 0.056 0.058 0.06  0.062 0.064 0.066 0.068 0.07
 0.072 0.074 0.076 0.078 0.08  0.082 0.084 0.086 0.088 0.09  0.092 0.094
 0.096 0.098 0.1   0.102 0.104 0.106 0.108 0.11  0.112 0.114 0.116 0.118
 0.12  0.122 0.124 0.126 0.128 0.13  0.132 0.134 0.136 0.138 0.14  0.142
 0.144 0.146 0.148 0.15  0.152 0.154 0.156 0.158]",123718,5.315055348359871e-06,2.887729357214931e-08
5,"[0.    0.002 0.004 0.006 0.008 0.01  0.012 0.014 0.016 0.018 0.02  0.022
 0.024 0.026 0.028 0.03  0.032 0.034 0.036 0.038 0.04  0.042 0.044 0.046
 0.048 0.05  0.052 0.054 0.056 0.058 0.06  0.062 0.064 0.066 0.068 0.07
 0.072 0.074 0.076 0.078 0.08  0.082 0.084 0.086 0.088 0.09  0.092 0.094
 0.096 0.098 0.1   0.102 0.104 0.106 0.108 0.11  0.112 0.114 0.116 0.118
 0.12  0.122 0.124 0.126 0.128 0.13  0.132 0.134 0.136 0.138 0.14  0.142
 0.144 0.146 0.148 0.15  0.152 0.154 0.156 0.158]",123718,5.315055348359871e-06,2.887729357214931e-08
5,"[0.    0.002 0.004 0.006 0.008 0.01  0.012 0.014 0.016 0.018 0.02  0.022
 0.024 0.026 0.028 0.03  0.032 0.034 0.036 0.038 0.04  0.042 0.044 0.046
 0.048 0.05  0.052 0.054 0.056 0.058 0.06  0.062 0.064 0.066 0.068 0.07
 0.072 0.074 0.076 0.078 0.08  0.082 0.084 0.086 0.088 0.09  0.092 0.094
 0.096 0.098 0.1   0.102 0.104 0.106 0.108 0.11  0.112 0.114 0.116 0.118
 0.12  0.122 0.124 0.126 0.128 0.13  0.132 0.134 0.136 0.138 0.14  0.142
 0.144 0.146 0.148 0.15  0.152 0.154 0.156 0.158]",123718,5.315055348359871e-06,2.887729357214931e-08
5,"[0.    0.002 0.004 0.006 0.008 0.01  0.012 0.014 0.016 0.018 0.02  0.022
 0.024 0.026 0.028 0.03  0.032 0.034 0.036 0.038 0.04  0.042 0.044 0.046
 0.048 0.05  0.052 0.054 0.056 0.058 0.06  0.062 0.064 0.066 0.068 0.07
 0.072 0.074 0.076 0.078 0.08  0.082 0.084 0.086 0.088 0.09  0.092 0.094
 0.096 0.098 0.1   0.102 0.104 0.106 0.108 0.11  0.112 0.114 0.116 0.118
 0.12  0.122 0.124 0.126 0.128 0.13  0.132 0.134 0.136 0.138 0.14  0.142
 0.144 0.146 0.148 0.15  0.152 0.154 0.156 0.158]",123718,5.315055348359871e-06,2.887729357214931e-08
5,"[0.    0.002 0.004 0.006 0.008 0.01  0.012 0.014 0.016 0.018 0.02  0.022
 0.024 0.026 0.028 0.03  0.032 0.034 0.036 0.038 0.04  0.042 0.044 0.046
 0.048 0.05  0.052 0.054 0.056 0.058 0.06  0.062 0.064 0.066 0.068 0.07
 0.072 0.074 0.076 0.078 0.08  0.082 0.084 0.086 0.088 0.09  0.092 0.094
 0.096 0.098 0.1   0.102 0.104 0.106 0.108 0.11  0.112 0.114 0.116 0.118
 0.12  0.122 0.124 0.126 0.128 0.13  0.132 0.134 0.136 0.138 0.14  0.142
 0.144 0.146 0.148 0.15  0.152 0.154 0.156 0.158]",123718,5.315055348359871e-06,2.887729357214931e-08
5,"[0.    0.002 0.004 0.006 0.008 0.01  0.012 0.014 0.016 0.018 0.02  0.022
 0.024 0.026 0.028 0.03  0.032 0.034 0.036 0.038 0.04  0.042 0.044 0.046
 0.048 0.05  0.052 0.054 0.056 0.058 0.06  0.062 0.064 0.066 0.068 0.07
 0.072 0.074 0.076 0.078 0.08  0.082 0.084 0.086 0.088 0.09  0.092 0.094
 0.096 0.098 0.1   0.102 0.104 0.106 0.108 0.11  0.112 0.114 0.116 0.118
 0.12  0.122 0.124 0.126 0.128 0.13  0.132 0.134 0.136 0.138 0.14  0.142
 0.144 0.146 0.148 0.15  0.152 0.154 0.156 0.158]",123718,5.315055348359871e-06,2.887729357214931e-08
5,"[0.    0.002 0.004 0.006 0.008 0.01  0.012 0.014 0.016 0.018 0.02  0.022
 0.024 0.026 0.028 0.03  0.032 0.034 0.036 0.038 0.04  0.042 0.044 0.046
 0.048 0.05  0.052 0.054 0.056 0.058 0.06  0.062 0.064 0.066 0.068 0.07
 0.072 0.074 0.076 0.078 0.08  0.082 0.084 0.086 0.088 0.09  0.092 0.094
 0.096 0.098 0.1   0.102 0.104 0.106 0.108 0.11  0.112 0.114 0.116 0.118
 0.12  0.122 0.124 0.126 0.128 0.13  0.132 0.134 0.136 0.138 0.14  0.142
 0.144 0.146 0.148 0.15  0.152 0.154 0.156 0.158]",123718,5.315055348359871e-06,2.887729357214931e-08
5,"[0.    0.002 0.004 0.006 0.008 0.01  0.012 0.014 0.016 0.018 0.02  0.022
 0.024 0.026 0.028 0.03  0.032 0.034 0.036 0.038 0.04  0.042 0.044 0.046
 0.048 0.05  0.052 0.054 0.056 0.058 0.06  0.062 0.064 0.066 0.068 0.07
 0.072 0.074 0.076 0.078 0.08  0.082 0.084 0.086 0.088 0.09  0.092 0.094
 0.096 0.098 0.1   0.102 0.104 0.106 0.108 0.11  0.112 0.114 0.116 0.118
 0.12  0.122 0.124 0.126 0.128 0.13  0.132 0.134 0.136 0.138 0.14  0.142
 0.144 0.146 0.148 0.15  0.152 0.154 0.156 0.158]",123718,5.315055348359871e-06,2.887729357214931e-08
5,"[0.    0.002 0.004 0.006 0.008 0.01  0.012 0.014 0.016 0.018 0.02  0.022
 0.024 0.026 0.028 0.03  0.032 0.034 0.036 0.038 0.04  0.042 0.044 0.046
 0.048 0.05  0.052 0.054 0.056 0.058 0.06  0.062 0.064 0.066 0.068 0.07
 0.072 0.074 0.076 0.078 0.08  0.082 0.084 0.086 0.088 0.09  0.092 0.094
 0.096 0.098 0.1   0.102 0.104 0.106 0.108 0.11  0.112 0.114 0.116 0.118
 0.12  0.122 0.124 0.126 0.128 0.13  0.132 0.134 0.136 0.138 0.14  0.142
 0.144 0.146 0.148 0.15  0.152 0.154 0.156 0.158]",123718,5.315055348359871e-06,2.887729357214931e-08
5,"[0.    0.002 0.004 0.006 0.008 0.01  0.012 0.014 0.016 0.018 0.02  0.022
 0.024 0.026 0.028 0.03  0.032 0.034 0.036 0.038 0.04  0.042 0.044 0.046
 0.048 0.05  0.052 0.054 0.056 0.058 0.06  0.062 0.064 0.066 0.068 0.07
 0.072 0.074 0.076 0.078 0.08  0.082 0.084 0.086 0.088 0.09  0.092 0.094
 0.096 0.098 0.1   0.102 0.104 0.106 0.108 0.11  0.112 0.114 0.116 0.118
 0.12  0.122 0.124 0.126 0.128 0.13  0.132 0.134 0.136 0.138 0.14  0.142
 0.144 0.146 0.148 0.15  0.152 0.154 0.156 0.158]",123718,4.930373211362552e-06,5.677458849366007e-08
5,"[0.    0.002 0.004 0.006 0.008 0.01  0.012 0.014 0.016 0.018 0.02  0.022
 0.024 0.026 0.028 0.03  0.032 0.034 0.036 0.038 0.04  0.042 0.044 0.046
 0.048 0.05  0.052 0.054 0.056 0.058 0.06  0.062 0.064 0.066 0.068 0.07
 0.072 0.074 0.076 0.078 0.08  0.082 0.084 0.086 0.088 0.09  0.092 0.094
 0.096 0.098 0.1   0.102 0.104 0.106 0.108 0.11  0.112 0.114 0.116 0.118
 0.12  0.122 0.124 0.126 0.128 0.13  0.132 0.134 0.136 0.138 0.14  0.142
 0.144 0.146 0.148 0.15  0.152 0.154 0.156 0.158]",123718,4.930373211362552e-06,5.677458849366007e-08
5,"[0.    0.002 0.004 0.006 0.008 0.01  0.012 0.014 0.016 0.018 0.02  0.022
 0.024 0.026 0.028 0.03  0.032 0.034 0.036 0.038 0.04  0.042 0.044 0.046
 0.048 0.05  0.052 0.054 0.056 0.058 0.06  0.062 0.064 0.066 0.068 0.07
 0.072 0.074 0.076 0.078 0.08  0.082 0.084 0.086 0.088 0.09  0.092 0.094
 0.096 0.098 0.1   0.102 0.104 0.106 0.108 0.11  0.112 0.114 0.116 0.118
 0.12  0.122 0.124 0.126 0.128 0.13  0.132 0.134 0.136 0.138 0.14  0.142
 0.144 0.146 0.148 0.15  0.152 0.154 0.156 0.158]",123718,4.930373211362552e-06,5.677458849366007e-08
5,"[0.    0.002 0.004 0.006 0.008 0.01  0.012 0.014 0.016 0.018 0.02  0.022
 0.024 0.026 0.028 0.03  0.032 0.034 0.036 0.038 0.04  0.042 0.044 0.046
 0.048 0.05  0.052 0.054 0.056 0.058 0.06  0.062 0.064 0.066 0.068 0.07
 0.072 0.074 0.076 0.078 0.08  0.082 0.084 0.086 0.088 0.09  0.092 0.094
 0.096 0.098 0.1   0.102 0.104 0.106 0.108 0.11  0.112 0.114 0.116 0.118
 0.12  0.122 0.124 0.126 0.128 0.13  0.132 0.134 0.136 0.138 0.14  0.142
 0.144 0.146 0.148 0.15  0.152 0.154 0.156 0.158]",123718,4.930373211362552e-06,5.677458849366007e-08
5,"[0.    0.002 0.004 0.006 0.008 0.01  0.012 0.014 0.016 0.018 0.02  0.022
 0.024 0.026 0.028 0.03  0.032 0.034 0.036 0.038 0.04  0.042 0.044 0.046
 0.048 0.05  0.052 0.054 0.056 0.058 0.06  0.062 0.064 0.066 0.068 0.07
 0.072 0.074 0.076 0.078 0.08  0.082 0.084 0.086 0.088 0.09  0.092 0.094
 0.096 0.098 0.1   0.102 0.104 0.106 0.108 0.11  0.112 0.114 0.116 0.118
 0.12  0.122 0.124 0.126 0.128 0.13  0.132 0.134 0.136 0.138 0.14  0.142
 0.144 0.146 0.148 0.15  0.152 0.154 0.156 0.158]",123718,4.930373211362552e-06,5.677458849366007e-08
5,"[0.    0.002 0.004 0.006 0.008 0.01  0.012 0.014 0.016 0.018 0.02  0.022
 0.024 0.026 0.028 0.03  0.032 0.034 0.036 0.038 0.04  0.042 0.044 0.046
 0.048 0.05  0.052 0.054 0.056 0.058 0.06  0.062 0.064 0.066 0.068 0.07
 0.072 0.074 0.076 0.078 0.08  0.082 0.084 0.086 0.088 0.09  0.092 0.094
 0.096 0.098 0.1   0.102 0.104 0.106 0.108 0.11  0.112 0.114 0.116 0.118
 0.12  0.122 0.124 0.126 0.128 0.13  0.132 0.134 0.136 0.138 0.14  0.142
 0.144 0.146 0.148 0.15  0.152 0.154 0.156 0.158]",123718,4.930373211362552e-06,5.677458849366007e-08
5,"[0.    0.002 0.004 0.006 0.008 0.01  0.012 0.014 0.016 0.018 0.02  0.022
 0.024 0.026 0.028 0.03  0.032 0.034 0.036 0.038 0.04  0.042 0.044 0.046
 0.048 0.05  0.052 0.054 0.056 0.058 0.06  0.062 0.064 0.066 0.068 0.07
 0.072 0.074 0.076 0.078 0.08  0.082 0.084 0.086 0.088 0.09  0.092 0.094
 0.096 0.098 0.1   0.102 0.104 0.106 0.108 0.11  0.112 0.114 0.116 0.118
 0.12  0.122 0.124 0.126 0.128 0.13  0.132 0.134 0.136 0.138 0.14  0.142
 0.144 0.146 0.148 0.15  0.152 0.154 0.156 0.158]",123718,4.930373211362552e-06,5.677458849366007e-08
5,"[0.    0.002 0.004 0.006 0.008 0.01  0.012 0.014 0.016 0.018 0.02  0.022
 0.024 0.026 0.028 0.03  0.032 0.034 0.036 0.038 0.04  0.042 0.044 0.046
 0.048 0.05  0.052 0.054 0.056 0.058 0.06  0.062 0.064 0.066 0.068 0.07
 0.072 0.074 0.076 0.078 0.08  0.082 0.084 0.086 0.088 0.09  0.092 0.094
 0.096 0.098 0.1   0.102 0.104 0.106 0.108 0.11  0.112 0.114 0.116 0.118
 0.12  0.122 0.124 0.126 0.128 0.13  0.132 0.134 0.136 0.138 0.14  0.142
 0.144 0.146 0.148 0.15  0.152 0.154 0.156 0.158]",123718,4.930373211362552e-06,5.677458849366007e-08
5,"[0.    0.002 0.004 0.006 0.008 0.01  0.012 0.014 0.016 0.018 0.02  0.022
 0.024 0.026 0.028 0.03  0.032 0.034 0.036 0.038 0.04  0.042 0.044 0.046
 0.048 0.05  0.052 0.054 0.056 0.058 0.06  0.062 0.064 0.066 0.068 0.07
 0.072 0.074 0.076 0.078 0.08  0.082 0.084 0.086 0.088 0.09  0.092 0.094
 0.096 0.098 0.1   0.102 0.104 0.106 0.108 0.11  0.112 0.114 0.116 0.118
 0.12  0.122 0.124 0.126 0.128 0.13  0.132 0.134 0.136 0.138 0.14  0.142
 0.144 0.146 0.148 0.15  0.152 0.154 0.156 0.158]",123718,4.930373211362552e-06,5.677458849366007e-08
5,"[0.    0.002 0.004 0.006 0.008 0.01  0.012 0.014 0.016 0.018 0.02  0.022
 0.024 0.026 0.028 0.03  0.032 0.034 0.036 0.038 0.04  0.042 0.044 0.046
 0.048 0.05  0.052 0.054 0.056 0.058 0.06  0.062 0.064 0.066 0.068 0.07
 0.072 0.074 0.076 0.078 0.08  0.082 0.084 0.086 0.088 0.09  0.092 0.094
 0.096 0.098 0.1   0.102 0.104 0.106 0.108 0.11  0.112 0.114 0.116 0.118
 0.12  0.122 0.124 0.126 0.128 0.13  0.132 0.134 0.136 0.138 0.14  0.142
 0.144 0.146 0.148 0.15  0.152 0.154 0.156 0.158]",123718,4.930373211362552e-06,5.677458849366007e-08
5,"[0.    0.002 0.004 0.006 0.008 0.01  0.012 0.014 0.016 0.018 0.02  0.022
 0.024 0.026 0.028 0.03  0.032 0.034 0.036 0.038 0.04  0.042 0.044 0.046
 0.048 0.05  0.052 0.054 0.056 0.058 0.06  0.062 0.064 0.066 0.068 0.07
 0.072 0.074 0.076 0.078 0.08  0.082 0.084 0.086 0.088 0.09  0.092 0.094
 0.096 0.098 0.1   0.102 0.104 0.106 0.108 0.11  0.112 0.114 0.116 0.118
 0.12  0.122 0.124 0.126 0.128 0.13  0.132 0.134 0.136 0.138 0.14  0.142
 0.144 0.146 0.148 0.15  0.152 0.154 0.156 0.158]",123718,4.930373211362552e-06,5.677458849366007e-08
5,"[0.    0.002 0.004 0.006 0.008 0.01  0.012 0.014 0.016 0.018 0.02  0.022
 0.024 0.026 0.028 0.03  0.032 0.034 0.036 0.038 0.04  0.042 0.044 0.046
 0.048 0.05  0.052 0.054 0.056 0.058 0.06  0.062 0.064 0.066 0.068 0.07
 0.072 0.074 0.076 0.078 0.08  0.082 0.084 0.086 0.088 0.09  0.092 0.094
 0.096 0.098 0.1   0.102 0.104 0.106 0.108 0.11  0.112 0.114 0.116 0.118
 0.12  0.122 0.124 0.126 0.128 0.13  0.132 0.134 0.136 0.138 0.14  0.142
 0.144 0.146 0.148 0.15  0.152 0.154 0.156 0.158]",123718,4.930373211362552e-06,5.677458849366007e-08
5,"[0.    0.002 0.004 0.006 0.008 0.01  0.012 0.014 0.016 0.018 0.02  0.022
 0.024 0.026 0.028 0.03  0.032 0.034 0.036 0.038 0.04  0.042 0.044 0.046
 0.048 0.05  0.052 0.054 0.056 0.058 0.06  0.062 0.064 0.066 0.068 0.07
 0.072 0.074 0.076 0.078 0.08  0.082 0.084 0.086 0.088 0.09  0.092 0.094
 0.096 0.098 0.1   0.102 0.104 0.106 0.108 0.11  0.112 0.114 0.116 0.118
 0.12  0.122 0.124 0.126 0.128 0.13  0.132 0.134 0.136 0.138 0.14  0.142
 0.144 0.146 0.148 0.15  0.152 0.154 0.156 0.158]",123718,4.930373211362552e-06,5.677458849366007e-08
5,"[0.    0.002 0.004 0.006 0.008 0.01  0.012 0.014 0.016 0.018 0.02  0.022
 0.024 0.026 0.028 0.03  0.032 0.034 0.036 0.038 0.04  0.042 0.044 0.046
 0.048 0.05  0.052 0.054 0.056 0.058 0.06  0.062 0.064 0.066 0.068 0.07
 0.072 0.074 0.076 0.078 0.08  0.082 0.084 0.086 0.088 0.09  0.092 0.094
 0.096 0.098 0.1   0.102 0.104 0.106 0.108 0.11  0.112 0.114 0.116 0.118
 0.12  0.122 0.124 0.126 0.128 0.13  0.132 0.134 0.136 0.138 0.14  0.142
 0.144 0.146 0.148 0.15  0.152 0.154 0.156 0.158]",123718,4.930373211362552e-06,5.677458849366007e-08
5,"[0.    0.002 0.004 0.006 0.008 0.01  0.012 0.014 0.016 0.018 0.02  0.022
 0.024 0.026 0.028 0.03  0.032 0.034 0.036 0.038 0.04  0.042 0.044 0.046
 0.048 0.05  0.052 0.054 0.056 0.058 0.06  0.062 0.064 0.066 0.068 0.07
 0.072 0.074 0.076 0.078 0.08  0.082 0.084 0.086 0.088 0.09  0.092 0.094
 0.096 0.098 0.1   0.102 0.104 0.106 0.108 0.11  0.112 0.114 0.116 0.118
 0.12  0.122 0.124 0.126 0.128 0.13  0.132 0.134 0.136 0.138 0.14  0.142
 0.144 0.146 0.148 0.15  0.152 0.154 0.156 0.158]",123718,4.930373211362552e-06,5.677458849366007e-08
5,"[0.    0.002 0.004 0.006 0.008 0.01  0.012 0.014 0.016 0.018 0.02  0.022
 0.024 0.026 0.028 0.03  0.032 0.034 0.036 0.038 0.04  0.042 0.044 0.046
 0.048 0.05  0.052 0.054 0.056 0.058 0.06  0.062 0.064 0.066 0.068 0.07
 0.072 0.074 0.076 0.078 0.08  0.082 0.084 0.086 0.088 0.09  0.092 0.094
 0.096 0.098 0.1   0.102 0.104 0.106 0.108 0.11  0.112 0.114 0.116 0.118
 0.12  0.122 0.124 0.126 0.128 0.13  0.132 0.134 0.136 0.138 0.14  0.142
 0.144 0.146 0.148 0.15  0.152 0.154 0.156 0.158]",123718,4.930373211362552e-06,5.677458849366007e-08
5,"[0.    0.002 0.004 0.006 0.008 0.01  0.012 0.014 0.016 0.018 0.02  0.022
 0.024 0.026 0.028 0.03  0.032 0.034 0.036 0.038 0.04  0.042 0.044 0.046
 0.048 0.05  0.052 0.054 0.056 0.058 0.06  0.062 0.064 0.066 0.068 0.07
 0.072 0.074 0.076 0.078 0.08  0.082 0.084 0.086 0.088 0.09  0.092 0.094
 0.096 0.098 0.1   0.102 0.104 0.106 0.108 0.11  0.112 0.114 0.116 0.118
 0.12  0.122 0.124 0.126 0.128 0.13  0.132 0.134 0.136 0.138 0.14  0.142
 0.144 0.146 0.148 0.15  0.152 0.154 0.156 0.158]",123718,4.598284335282835e-06,9.211987316002382e-08
5,"[0.    0.002 0.004 0.006 0.008 0.01  0.012 0.014 0.016 0.018 0.02  0.022
 0.024 0.026 0.028 0.03  0.032 0.034 0.036 0.038 0.04  0.042 0.044 0.046
 0.048 0.05  0.052 0.054 0.056 0.058 0.06  0.062 0.064 0.066 0.068 0.07
 0.072 0.074 0.076 0.078 0.08  0.082 0.084 0.086 0.088 0.09  0.092 0.094
 0.096 0.098 0.1   0.102 0.104 0.106 0.108 0.11  0.112 0.114 0.116 0.118
 0.12  0.122 0.124 0.126 0.128 0.13  0.132 0.134 0.136 0.138 0.14  0.142
 0.144 0.146 0.148 0.15  0.152 0.154 0.156 0.158]",123718,4.598284335282835e-06,9.211987316002382e-08
5,"[0.    0.002 0.004 0.006 0.008 0.01  0.012 0.014 0.016 0.018 0.02  0.022
 0.024 0.026 0.028 0.03  0.032 0.034 0.036 0.038 0.04  0.042 0.044 0.046
 0.048 0.05  0.052 0.054 0.056 0.058 0.06  0.062 0.064 0.066 0.068 0.07
 0.072 0.074 0.076 0.078 0.08  0.082 0.084 0.086 0.088 0.09  0.092 0.094
 0.096 0.098 0.1   0.102 0.104 0.106 0.108 0.11  0.112 0.114 0.116 0.118
 0.12  0.122 0.124 0.126 0.128 0.13  0.132 0.134 0.136 0.138 0.14  0.142
 0.144 0.146 0.148 0.15  0.152 0.154 0.156 0.158]",123718,4.598284335282835e-06,9.211987316002382e-08
5,"[0.    0.002 0.004 0.006 0.008 0.01  0.012 0.014 0.016 0.018 0.02  0.022
 0.024 0.026 0.028 0.03  0.032 0.034 0.036 0.038 0.04  0.042 0.044 0.046
 0.048 0.05  0.052 0.054 0.056 0.058 0.06  0.062 0.064 0.066 0.068 0.07
 0.072 0.074 0.076 0.078 0.08  0.082 0.084 0.086 0.088 0.09  0.092 0.094
 0.096 0.098 0.1   0.102 0.104 0.106 0.108 0.11  0.112 0.114 0.116 0.118
 0.12  0.122 0.124 0.126 0.128 0.13  0.132 0.134 0.136 0.138 0.14  0.142
 0.144 0.146 0.148 0.15  0.152 0.154 0.156 0.158]",123718,4.598284335282835e-06,9.211987316002382e-08
5,"[0.    0.002 0.004 0.006 0.008 0.01  0.012 0.014 0.016 0.018 0.02  0.022
 0.024 0.026 0.028 0.03  0.032 0.034 0.036 0.038 0.04  0.042 0.044 0.046
 0.048 0.05  0.052 0.054 0.056 0.058 0.06  0.062 0.064 0.066 0.068 0.07
 0.072 0.074 0.076 0.078 0.08  0.082 0.084 0.086 0.088 0.09  0.092 0.094
 0.096 0.098 0.1   0.102 0.104 0.106 0.108 0.11  0.112 0.114 0.116 0.118
 0.12  0.122 0.124 0.126 0.128 0.13  0.132 0.134 0.136 0.138 0.14  0.142
 0.144 0.146 0.148 0.15  0.152 0.154 0.156 0.158]",123718,4.598284335282835e-06,9.211987316002382e-08
5,"[0.    0.002 0.004 0.006 0.008 0.01  0.012 0.014 0.016 0.018 0.02  0.022
 0.024 0.026 0.028 0.03  0.032 0.034 0.036 0.038 0.04  0.042 0.044 0.046
 0.048 0.05  0.052 0.054 0.056 0.058 0.06  0.062 0.064 0.066 0.068 0.07
 0.072 0.074 0.076 0.078 0.08  0.082 0.084 0.086 0.088 0.09  0.092 0.094
 0.096 0.098 0.1   0.102 0.104 0.106 0.108 0.11  0.112 0.114 0.116 0.118
 0.12  0.122 0.124 0.126 0.128 0.13  0.132 0.134 0.136 0.138 0.14  0.142
 0.144 0.146 0.148 0.15  0.152 0.154 0.156 0.158]",123718,4.598284335282835e-06,9.211987316002382e-08
5,"[0.    0.002 0.004 0.006 0.008 0.01  0.012 0.014 0.016 0.018 0.02  0.022
 0.024 0.026 0.028 0.03  0.032 0.034 0.036 0.038 0.04  0.042 0.044 0.046
 0.048 0.05  0.052 0.054 0.056 0.058 0.06  0.062 0.064 0.066 0.068 0.07
 0.072 0.074 0.076 0.078 0.08  0.082 0.084 0.086 0.088 0.09  0.092 0.094
 0.096 0.098 0.1   0.102 0.104 0.106 0.108 0.11  0.112 0.114 0.116 0.118
 0.12  0.122 0.124 0.126 0.128 0.13  0.132 0.134 0.136 0.138 0.14  0.142
 0.144 0.146 0.148 0.15  0.152 0.154 0.156 0.158]",123718,4.598284335282835e-06,9.211987316002382e-08
5,"[0.    0.002 0.004 0.006 0.008 0.01  0.012 0.014 0.016 0.018 0.02  0.022
 0.024 0.026 0.028 0.03  0.032 0.034 0.036 0.038 0.04  0.042 0.044 0.046
 0.048 0.05  0.052 0.054 0.056 0.058 0.06  0.062 0.064 0.066 0.068 0.07
 0.072 0.074 0.076 0.078 0.08  0.082 0.084 0.086 0.088 0.09  0.092 0.094
 0.096 0.098 0.1   0.102 0.104 0.106 0.108 0.11  0.112 0.114 0.116 0.118
 0.12  0.122 0.124 0.126 0.128 0.13  0.132 0.134 0.136 0.138 0.14  0.142
 0.144 0.146 0.148 0.15  0.152 0.154 0.156 0.158]",123718,4.598284335282835e-06,9.211987316002382e-08
5,"[0.    0.002 0.004 0.006 0.008 0.01  0.012 0.014 0.016 0.018 0.02  0.022
 0.024 0.026 0.028 0.03  0.032 0.034 0.036 0.038 0.04  0.042 0.044 0.046
 0.048 0.05  0.052 0.054 0.056 0.058 0.06  0.062 0.064 0.066 0.068 0.07
 0.072 0.074 0.076 0.078 0.08  0.082 0.084 0.086 0.088 0.09  0.092 0.094
 0.096 0.098 0.1   0.102 0.104 0.106 0.108 0.11  0.112 0.114 0.116 0.118
 0.12  0.122 0.124 0.126 0.128 0.13  0.132 0.134 0.136 0.138 0.14  0.142
 0.144 0.146 0.148 0.15  0.152 0.154 0.156 0.158]",123718,4.598284335282835e-06,9.211987316002382e-08
5,"[0.    0.002 0.004 0.006 0.008 0.01  0.012 0.014 0.016 0.018 0.02  0.022
 0.024 0.026 0.028 0.03  0.032 0.034 0.036 0.038 0.04  0.042 0.044 0.046
 0.048 0.05  0.052 0.054 0.056 0.058 0.06  0.062 0.064 0.066 0.068 0.07
 0.072 0.074 0.076 0.078 0.08  0.082 0.084 0.086 0.088 0.09  0.092 0.094
 0.096 0.098 0.1   0.102 0.104 0.106 0.108 0.11  0.112 0.114 0.116 0.118
 0.12  0.122 0.124 0.126 0.128 0.13  0.132 0.134 0.136 0.138 0.14  0.142
 0.144 0.146 0.148 0.15  0.152 0.154 0.156 0.158]",123718,4.23137284048376e-06,1.300784875614237e-07
5,"[0.    0.002 0.004 0.006 0.008 0.01  0.012 0.014 0.016 0.018 0.02  0.022
 0.024 0.026 0.028 0.03  0.032 0.034 0.036 0.038 0.04  0.042 0.044 0.046
 0.048 0.05  0.052 0.054 0.056 0.058 0.06  0.062 0.064 0.066 0.068 0.07
 0.072 0.074 0.076 0.078 0.08  0.082 0.084 0.086 0.088 0.09  0.092 0.094
 0.096 0.098 0.1   0.102 0.104 0.106 0.108 0.11  0.112 0.114 0.116 0.118
 0.12  0.122 0.124 0.126 0.128 0.13  0.132 0.134 0.136 0.138 0.14  0.142
 0.144 0.146 0.148 0.15  0.152 0.154 0.156 0.158]",123718,4.23137284048376e-06,1.300784875614237e-07
5,"[0.    0.002 0.004 0.006 0.008 0.01  0.012 0.014 0.016 0.018 0.02  0.022
 0.024 0.026 0.028 0.03  0.032 0.034 0.036 0.038 0.04  0.042 0.044 0.046
 0.048 0.05  0.052 0.054 0.056 0.058 0.06  0.062 0.064 0.066 0.068 0.07
 0.072 0.074 0.076 0.078 0.08  0.082 0.084 0.086 0.088 0.09  0.092 0.094
 0.096 0.098 0.1   0.102 0.104 0.106 0.108 0.11  0.112 0.114 0.116 0.118
 0.12  0.122 0.124 0.126 0.128 0.13  0.132 0.134 0.136 0.138 0.14  0.142
 0.144 0.146 0.148 0.15  0.152 0.154 0.156 0.158]",123718,4.23137284048376e-06,1.300784875614237e-07
5,"[0.    0.002 0.004 0.006 0.008 0.01  0.012 0.014 0.016 0.018 0.02  0.022
 0.024 0.026 0.028 0.03  0.032 0.034 0.036 0.038 0.04  0.042 0.044 0.046
 0.048 0.05  0.052 0.054 0.056 0.058 0.06  0.062 0.064 0.066 0.068 0.07
 0.072 0.074 0.076 0.078 0.08  0.082 0.084 0.086 0.088 0.09  0.092 0.094
 0.096 0.098 0.1   0.102 0.104 0.106 0.108 0.11  0.112 0.114 0.116 0.118
 0.12  0.122 0.124 0.126 0.128 0.13  0.132 0.134 0.136 0.138 0.14  0.142
 0.144 0.146 0.148 0.15  0.152 0.154 0.156 0.158]",123718,4.23137284048376e-06,1.300784875614237e-07
5,"[0.    0.002 0.004 0.006 0.008 0.01  0.012 0.014 0.016 0.018 0.02  0.022
 0.024 0.026 0.028 0.03  0.032 0.034 0.036 0.038 0.04  0.042 0.044 0.046
 0.048 0.05  0.052 0.054 0.056 0.058 0.06  0.062 0.064 0.066 0.068 0.07
 0.072 0.074 0.076 0.078 0.08  0.082 0.084 0.086 0.088 0.09  0.092 0.094
 0.096 0.098 0.1   0.102 0.104 0.106 0.108 0.11  0.112 0.114 0.116 0.118
 0.12  0.122 0.124 0.126 0.128 0.13  0.132 0.134 0.136 0.138 0.14  0.142
 0.144 0.146 0.148 0.15  0.152 0.154 0.156 0.158]",123718,4.23137284048376e-06,1.300784875614237e-07
5,"[0.    0.002 0.004 0.006 0.008 0.01  0.012 0.014 0.016 0.018 0.02  0.022
 0.024 0.026 0.028 0.03  0.032 0.034 0.036 0.038 0.04  0.042 0.044 0.046
 0.048 0.05  0.052 0.054 0.056 0.058 0.06  0.062 0.064 0.066 0.068 0.07
 0.072 0.074 0.076 0.078 0.08  0.082 0.084 0.086 0.088 0.09  0.092 0.094
 0.096 0.098 0.1   0.102 0.104 0.106 0.108 0.11  0.112 0.114 0.116 0.118
 0.12  0.122 0.124 0.126 0.128 0.13  0.132 0.134 0.136 0.138 0.14  0.142
 0.144 0.146 0.148 0.15  0.152 0.154 0.156 0.158]",123718,4.23137284048376e-06,1.300784875614237e-07
5,"[0.    0.002 0.004 0.006 0.008 0.01  0.012 0.014 0.016 0.018 0.02  0.022
 0.024 0.026 0.028 0.03  0.032 0.034 0.036 0.038 0.04  0.042 0.044 0.046
 0.048 0.05  0.052 0.054 0.056 0.058 0.06  0.062 0.064 0.066 0.068 0.07
 0.072 0.074 0.076 0.078 0.08  0.082 0.084 0.086 0.088 0.09  0.092 0.094
 0.096 0.098 0.1   0.102 0.104 0.106 0.108 0.11  0.112 0.114 0.116 0.118
 0.12  0.122 0.124 0.126 0.128 0.13  0.132 0.134 0.136 0.138 0.14  0.142
 0.144 0.146 0.148 0.15  0.152 0.154 0.156 0.158]",123718,4.23137284048376e-06,1.300784875614237e-07
5,"[0.    0.002 0.004 0.006 0.008 0.01  0.012 0.014 0.016 0.018 0.02  0.022
 0.024 0.026 0.028 0.03  0.032 0.034 0.036 0.038 0.04  0.042 0.044 0.046
 0.048 0.05  0.052 0.054 0.056 0.058 0.06  0.062 0.064 0.066 0.068 0.07
 0.072 0.074 0.076 0.078 0.08  0.082 0.084 0.086 0.088 0.09  0.092 0.094
 0.096 0.098 0.1   0.102 0.104 0.106 0.108 0.11  0.112 0.114 0.116 0.118
 0.12  0.122 0.124 0.126 0.128 0.13  0.132 0.134 0.136 0.138 0.14  0.142
 0.144 0.146 0.148 0.15  0.152 0.154 0.156 0.158]",123718,4.598284335282835e-06,9.211987316002382e-08
5,"[0.    0.002 0.004 0.006 0.008 0.01  0.012 0.014 0.016 0.018 0.02  0.022
 0.024 0.026 0.028 0.03  0.032 0.034 0.036 0.038 0.04  0.042 0.044 0.046
 0.048 0.05  0.052 0.054 0.056 0.058 0.06  0.062 0.064 0.066 0.068 0.07
 0.072 0.074 0.076 0.078 0.08  0.082 0.084 0.086 0.088 0.09  0.092 0.094
 0.096 0.098 0.1   0.102 0.104 0.106 0.108 0.11  0.112 0.114 0.116 0.118
 0.12  0.122 0.124 0.126 0.128 0.13  0.132 0.134 0.136 0.138 0.14  0.142
 0.144 0.146 0.148 0.15  0.152 0.154 0.156 0.158]",123718,4.598284335282835e-06,9.211987316002382e-08
5,"[0.    0.002 0.004 0.006 0.008 0.01  0.012 0.014 0.016 0.018 0.02  0.022
 0.024 0.026 0.028 0.03  0.032 0.034 0.036 0.038 0.04  0.042 0.044 0.046
 0.048 0.05  0.052 0.054 0.056 0.058 0.06  0.062 0.064 0.066 0.068 0.07
 0.072 0.074 0.076 0.078 0.08  0.082 0.084 0.086 0.088 0.09  0.092 0.094
 0.096 0.098 0.1   0.102 0.104 0.106 0.108 0.11  0.112 0.114 0.116 0.118
 0.12  0.122 0.124 0.126 0.128 0.13  0.132 0.134 0.136 0.138 0.14  0.142
 0.144 0.146 0.148 0.15  0.152 0.154 0.156 0.158]",123718,4.598284335282835e-06,9.211987316002382e-08
5,"[0.    0.002 0.004 0.006 0.008 0.01  0.012 0.014 0.016 0.018 0.02  0.022
 0.024 0.026 0.028 0.03  0.032 0.034 0.036 0.038 0.04  0.042 0.044 0.046
 0.048 0.05  0.052 0.054 0.056 0.058 0.06  0.062 0.064 0.066 0.068 0.07
 0.072 0.074 0.076 0.078 0.08  0.082 0.084 0.086 0.088 0.09  0.092 0.094
 0.096 0.098 0.1   0.102 0.104 0.106 0.108 0.11  0.112 0.114 0.116 0.118
 0.12  0.122 0.124 0.126 0.128 0.13  0.132 0.134 0.136 0.138 0.14  0.142
 0.144 0.146 0.148 0.15  0.152 0.154 0.156 0.158]",123718,4.930373211362552e-06,5.677458849366007e-08
5,"[0.    0.002 0.004 0.006 0.008 0.01  0.012 0.014 0.016 0.018 0.02  0.022
 0.024 0.026 0.028 0.03  0.032 0.034 0.036 0.038 0.04  0.042 0.044 0.046
 0.048 0.05  0.052 0.054 0.056 0.058 0.06  0.062 0.064 0.066 0.068 0.07
 0.072 0.074 0.076 0.078 0.08  0.082 0.084 0.086 0.088 0.09  0.092 0.094
 0.096 0.098 0.1   0.102 0.104 0.106 0.108 0.11  0.112 0.114 0.116 0.118
 0.12  0.122 0.124 0.126 0.128 0.13  0.132 0.134 0.136 0.138 0.14  0.142
 0.144 0.146 0.148 0.15  0.152 0.154 0.156 0.158]",123718,4.930373211362552e-06,5.677458849366007e-08
5,"[0.    0.002 0.004 0.006 0.008 0.01  0.012 0.014 0.016 0.018 0.02  0.022
 0.024 0.026 0.028 0.03  0.032 0.034 0.036 0.038 0.04  0.042 0.044 0.046
 0.048 0.05  0.052 0.054 0.056 0.058 0.06  0.062 0.064 0.066 0.068 0.07
 0.072 0.074 0.076 0.078 0.08  0.082 0.084 0.086 0.088 0.09  0.092 0.094
 0.096 0.098 0.1   0.102 0.104 0.106 0.108 0.11  0.112 0.114 0.116 0.118
 0.12  0.122 0.124 0.126 0.128 0.13  0.132 0.134 0.136 0.138 0.14  0.142
 0.144 0.146 0.148 0.15  0.152 0.154 0.156 0.158]",123718,4.930373211362552e-06,5.677458849366007e-08
10,"[0.    0.002 0.004 0.006 0.008 0.01  0.012 0.014 0.016 0.018 0.02  0.022
 0.024 0.026 0.028 0.03  0.032 0.034 0.036 0.038 0.04  0.042 0.044 0.046
 0.048 0.05  0.052 0.054 0.056 0.058 0.06  0.062 0.064 0.066 0.068 0.07
 0.072 0.074 0.076 0.078 0.08  0.082 0.084 0.086 0.088 0.09  0.092 0.094
 0.096 0.098 0.1   0.102 0.104 0.106 0.108 0.11  0.112 0.114 0.116 0.118
 0.12  0.122 0.124 0.126 0.128 0.13  0.132 0.134 0.136 0.138 0.14  0.142
 0.144 0.146 0.148 0.15  0.152 0.154 0.156 0.158]",123718,6.77577600375832e-06,0.0
10,"[0.    0.002 0.004 0.006 0.008 0.01  0.012 0.014 0.016 0.018 0.02  0.022
 0.024 0.026 0.028 0.03  0.032 0.034 0.036 0.038 0.04  0.042 0.044 0.046
 0.048 0.05  0.052 0.054 0.056 0.058 0.06  0.062 0.064 0.066 0.068 0.07
 0.072 0.074 0.076 0.078 0.08  0.082 0.084 0.086 0.088 0.09  0.092 0.094
 0.096 0.098 0.1   0.102 0.104 0.106 0.108 0.11  0.112 0.114 0.116 0.118
 0.12  0.122 0.124 0.126 0.128 0.13  0.132 0.134 0.136 0.138 0.14  0.142
 0.144 0.146 0.148 0.15  0.152 0.154 0.156 0.158]",123718,6.77577600375832e-06,0.0
10,"[0.    0.002 0.004 0.006 0.008 0.01  0.012 0.014 0.016 0.018 0.02  0.022
 0.024 0.026 0.028 0.03  0.032 0.034 0.036 0.038 0.04  0.042 0.044 0.046
 0.048 0.05  0.052 0.054 0.056 0.058 0.06  0.062 0.064 0.066 0.068 0.07
 0.072 0.074 0.076 0.078 0.08  0.082 0.084 0.086 0.088 0.09  0.092 0.094
 0.096 0.098 0.1   0.102 0.104 0.106 0.108 0.11  0.112 0.114 0.116 0.118
 0.12  0.122 0.124 0.126 0.128 0.13  0.132 0.134 0.136 0.138 0.14  0.142
 0.144 0.146 0.148 0.15  0.152 0.154 0.156 0.158]",123718,6.77577600375832e-06,0.0
10,"[0.    0.002 0.004 0.006 0.008 0.01  0.012 0.014 0.016 0.018 0.02  0.022
 0.024 0.026 0.028 0.03  0.032 0.034 0.036 0.038 0.04  0.042 0.044 0.046
 0.048 0.05  0.052 0.054 0.056 0.058 0.06  0.062 0.064 0.066 0.068 0.07
 0.072 0.074 0.076 0.078 0.08  0.082 0.084 0.086 0.088 0.09  0.092 0.094
 0.096 0.098 0.1   0.102 0.104 0.106 0.108 0.11  0.112 0.114 0.116 0.118
 0.12  0.122 0.124 0.126 0.128 0.13  0.132 0.134 0.136 0.138 0.14  0.142
 0.144 0.146 0.148 0.15  0.152 0.154 0.156 0.158]",123718,6.77577600375832e-06,0.0
10,"[0.    0.002 0.004 0.006 0.008 0.01  0.012 0.014 0.016 0.018 0.02  0.022
 0.024 0.026 0.028 0.03  0.032 0.034 0.036 0.038 0.04  0.042 0.044 0.046
 0.048 0.05  0.052 0.054 0.056 0.058 0.06  0.062 0.064 0.066 0.068 0.07
 0.072 0.074 0.076 0.078 0.08  0.082 0.084 0.086 0.088 0.09  0.092 0.094
 0.096 0.098 0.1   0.102 0.104 0.106 0.108 0.11  0.112 0.114 0.116 0.118
 0.12  0.122 0.124 0.126 0.128 0.13  0.132 0.134 0.136 0.138 0.14  0.142
 0.144 0.146 0.148 0.15  0.152 0.154 0.156 0.158]",123718,6.420232493306653e-06,1.2413316241421649e-09
10,"[0.    0.002 0.004 0.006 0.008 0.01  0.012 0.014 0.016 0.018 0.02  0.022
 0.024 0.026 0.028 0.03  0.032 0.034 0.036 0.038 0.04  0.042 0.044 0.046
 0.048 0.05  0.052 0.054 0.056 0.058 0.06  0.062 0.064 0.066 0.068 0.07
 0.072 0.074 0.076 0.078 0.08  0.082 0.084 0.086 0.088 0.09  0.092 0.094
 0.096 0.098 0.1   0.102 0.104 0.106 0.108 0.11  0.112 0.114 0.116 0.118
 0.12  0.122 0.124 0.126 0.128 0.13  0.132 0.134 0.136 0.138 0.14  0.142
 0.144 0.146 0.148 0.15  0.152 0.154 0.156 0.158]",123718,6.420232493306653e-06,1.2413316241421649e-09
10,"[0.    0.002 0.004 0.006 0.008 0.01  0.012 0.014 0.016 0.018 0.02  0.022
 0.024 0.026 0.028 0.03  0.032 0.034 0.036 0.038 0.04  0.042 0.044 0.046
 0.048 0.05  0.052 0.054 0.056 0.058 0.06  0.062 0.064 0.066 0.068 0.07
 0.072 0.074 0.076 0.078 0.08  0.082 0.084 0.086 0.088 0.09  0.092 0.094
 0.096 0.098 0.1   0.102 0.104 0.106 0.108 0.11  0.112 0.114 0.116 0.118
 0.12  0.122 0.124 0.126 0.128 0.13  0.132 0.134 0.136 0.138 0.14  0.142
 0.144 0.146 0.148 0.15  0.152 0.154 0.156 0.158]",123718,6.0653423152887455e-06,3.723994872426495e-09
10,"[0.    0.002 0.004 0.006 0.008 0.01  0.012 0.014 0.016 0.018 0.02  0.022
 0.024 0.026 0.028 0.03  0.032 0.034 0.036 0.038 0.04  0.042 0.044 0.046
 0.048 0.05  0.052 0.054 0.056 0.058 0.06  0.062 0.064 0.066 0.068 0.07
 0.072 0.074 0.076 0.078 0.08  0.082 0.084 0.086 0.088 0.09  0.092 0.094
 0.096 0.098 0.1   0.102 0.104 0.106 0.108 0.11  0.112 0.114 0.116 0.118
 0.12  0.122 0.124 0.126 0.128 0.13  0.132 0.134 0.136 0.138 0.14  0.142
 0.144 0.146 0.148 0.15  0.152 0.154 0.156 0.158]",123718,6.0653423152887455e-06,3.723994872426495e-09
10,"[0.    0.002 0.004 0.006 0.008 0.01  0.012 0.014 0.016 0.018 0.02  0.022
 0.024 0.026 0.028 0.03  0.032 0.034 0.036 0.038 0.04  0.042 0.044 0.046
 0.048 0.05  0.052 0.054 0.056 0.058 0.06  0.062 0.064 0.066 0.068 0.07
 0.072 0.074 0.076 0.078 0.08  0.082 0.084 0.086 0.088 0.09  0.092 0.094
 0.096 0.098 0.1   0.102 0.104 0.106 0.108 0.11  0.112 0.114 0.116 0.118
 0.12  0.122 0.124 0.126 0.128 0.13  0.132 0.134 0.136 0.138 0.14  0.142
 0.144 0.146 0.148 0.15  0.152 0.154 0.156 0.158]",123718,6.0653423152887455e-06,3.723994872426495e-09
10,"[0.    0.002 0.004 0.006 0.008 0.01  0.012 0.014 0.016 0.018 0.02  0.022
 0.024 0.026 0.028 0.03  0.032 0.034 0.036 0.038 0.04  0.042 0.044 0.046
 0.048 0.05  0.052 0.054 0.056 0.058 0.06  0.062 0.064 0.066 0.068 0.07
 0.072 0.074 0.076 0.078 0.08  0.082 0.084 0.086 0.088 0.09  0.092 0.094
 0.096 0.098 0.1   0.102 0.104 0.106 0.108 0.11  0.112 0.114 0.116 0.118
 0.12  0.122 0.124 0.126 0.128 0.13  0.132 0.134 0.136 0.138 0.14  0.142
 0.144 0.146 0.148 0.15  0.152 0.154 0.156 0.158]",123718,6.0653423152887455e-06,3.723994872426495e-09
10,"[0.    0.002 0.004 0.006 0.008 0.01  0.012 0.014 0.016 0.018 0.02  0.022
 0.024 0.026 0.028 0.03  0.032 0.034 0.036 0.038 0.04  0.042 0.044 0.046
 0.048 0.05  0.052 0.054 0.056 0.058 0.06  0.062 0.064 0.066 0.068 0.07
 0.072 0.074 0.076 0.078 0.08  0.082 0.084 0.086 0.088 0.09  0.092 0.094
 0.096 0.098 0.1   0.102 0.104 0.106 0.108 0.11  0.112 0.114 0.116 0.118
 0.12  0.122 0.124 0.126 0.128 0.13  0.132 0.134 0.136 0.138 0.14  0.142
 0.144 0.146 0.148 0.15  0.152 0.154 0.156 0.158]",123718,6.0653423152887455e-06,3.723994872426495e-09
10,"[0.    0.002 0.004 0.006 0.008 0.01  0.012 0.014 0.016 0.018 0.02  0.022
 0.024 0.026 0.028 0.03  0.032 0.034 0.036 0.038 0.04  0.042 0.044 0.046
 0.048 0.05  0.052 0.054 0.056 0.058 0.06  0.062 0.064 0.066 0.068 0.07
 0.072 0.074 0.076 0.078 0.08  0.082 0.084 0.086 0.088 0.09  0.092 0.094
 0.096 0.098 0.1   0.102 0.104 0.106 0.108 0.11  0.112 0.114 0.116 0.118
 0.12  0.122 0.124 0.126 0.128 0.13  0.132 0.134 0.136 0.138 0.14  0.142
 0.144 0.146 0.148 0.15  0.152 0.154 0.156 0.158]",123718,6.0653423152887455e-06,3.723994872426495e-09
10,"[0.    0.002 0.004 0.006 0.008 0.01  0.012 0.014 0.016 0.018 0.02  0.022
 0.024 0.026 0.028 0.03  0.032 0.034 0.036 0.038 0.04  0.042 0.044 0.046
 0.048 0.05  0.052 0.054 0.056 0.058 0.06  0.062 0.064 0.066 0.068 0.07
 0.072 0.074 0.076 0.078 0.08  0.082 0.084 0.086 0.088 0.09  0.092 0.094
 0.096 0.098 0.1   0.102 0.104 0.106 0.108 0.11  0.112 0.114 0.116 0.118
 0.12  0.122 0.124 0.126 0.128 0.13  0.132 0.134 0.136 0.138 0.14  0.142
 0.144 0.146 0.148 0.15  0.152 0.154 0.156 0.158]",123718,6.0653423152887455e-06,3.723994872426495e-09
10,"[0.    0.002 0.004 0.006 0.008 0.01  0.012 0.014 0.016 0.018 0.02  0.022
 0.024 0.026 0.028 0.03  0.032 0.034 0.036 0.038 0.04  0.042 0.044 0.046
 0.048 0.05  0.052 0.054 0.056 0.058 0.06  0.062 0.064 0.066 0.068 0.07
 0.072 0.074 0.076 0.078 0.08  0.082 0.084 0.086 0.088 0.09  0.092 0.094
 0.096 0.098 0.1   0.102 0.104 0.106 0.108 0.11  0.112 0.114 0.116 0.118
 0.12  0.122 0.124 0.126 0.128 0.13  0.132 0.134 0.136 0.138 0.14  0.142
 0.144 0.146 0.148 0.15  0.152 0.154 0.156 0.158]",123718,6.0653423152887455e-06,3.723994872426495e-09
10,"[0.    0.002 0.004 0.006 0.008 0.01  0.012 0.014 0.016 0.018 0.02  0.022
 0.024 0.026 0.028 0.03  0.032 0.034 0.036 0.038 0.04  0.042 0.044 0.046
 0.048 0.05  0.052 0.054 0.056 0.058 0.06  0.062 0.064 0.066 0.068 0.07
 0.072 0.074 0.076 0.078 0.08  0.082 0.084 0.086 0.088 0.09  0.092 0.094
 0.096 0.098 0.1   0.102 0.104 0.106 0.108 0.11  0.112 0.114 0.116 0.118
 0.12  0.122 0.124 0.126 0.128 0.13  0.132 0.134 0.136 0.138 0.14  0.142
 0.144 0.146 0.148 0.15  0.152 0.154 0.156 0.158]",123718,6.0653423152887455e-06,3.723994872426495e-09
10,"[0.    0.002 0.004 0.006 0.008 0.01  0.012 0.014 0.016 0.018 0.02  0.022
 0.024 0.026 0.028 0.03  0.032 0.034 0.036 0.038 0.04  0.042 0.044 0.046
 0.048 0.05  0.052 0.054 0.056 0.058 0.06  0.062 0.064 0.066 0.068 0.07
 0.072 0.074 0.076 0.078 0.08  0.082 0.084 0.086 0.088 0.09  0.092 0.094
 0.096 0.098 0.1   0.102 0.104 0.106 0.108 0.11  0.112 0.114 0.116 0.118
 0.12  0.122 0.124 0.126 0.128 0.13  0.132 0.134 0.136 0.138 0.14  0.142
 0.144 0.146 0.148 0.15  0.152 0.154 0.156 0.158]",123718,6.0653423152887455e-06,3.723994872426495e-09
10,"[0.    0.002 0.004 0.006 0.008 0.01  0.012 0.014 0.016 0.018 0.02  0.022
 0.024 0.026 0.028 0.03  0.032 0.034 0.036 0.038 0.04  0.042 0.044 0.046
 0.048 0.05  0.052 0.054 0.056 0.058 0.06  0.062 0.064 0.066 0.068 0.07
 0.072 0.074 0.076 0.078 0.08  0.082 0.084 0.086 0.088 0.09  0.092 0.094
 0.096 0.098 0.1   0.102 0.104 0.106 0.108 0.11  0.112 0.114 0.116 0.118
 0.12  0.122 0.124 0.126 0.128 0.13  0.132 0.134 0.136 0.138 0.14  0.142
 0.144 0.146 0.148 0.15  0.152 0.154 0.156 0.158]",123718,6.0653423152887455e-06,3.723994872426495e-09
10,"[0.    0.002 0.004 0.006 0.008 0.01  0.012 0.014 0.016 0.018 0.02  0.022
 0.024 0.026 0.028 0.03  0.032 0.034 0.036 0.038 0.04  0.042 0.044 0.046
 0.048 0.05  0.052 0.054 0.056 0.058 0.06  0.062 0.064 0.066 0.068 0.07
 0.072 0.074 0.076 0.078 0.08  0.082 0.084 0.086 0.088 0.09  0.092 0.094
 0.096 0.098 0.1   0.102 0.104 0.106 0.108 0.11  0.112 0.114 0.116 0.118
 0.12  0.122 0.124 0.126 0.128 0.13  0.132 0.134 0.136 0.138 0.14  0.142
 0.144 0.146 0.148 0.15  0.152 0.154 0.156 0.158]",123718,5.7239761186496494e-06,1.1302651104031291e-08
10,"[0.    0.002 0.004 0.006 0.008 0.01  0.012 0.014 0.016 0.018 0.02  0.022
 0.024 0.026 0.028 0.03  0.032 0.034 0.036 0.038 0.04  0.042 0.044 0.046
 0.048 0.05  0.052 0.054 0.056 0.058 0.06  0.062 0.064 0.066 0.068 0.07
 0.072 0.074 0.076 0.078 0.08  0.082 0.084 0.086 0.088 0.09  0.092 0.094
 0.096 0.098 0.1   0.102 0.104 0.106 0.108 0.11  0.112 0.114 0.116 0.118
 0.12  0.122 0.124 0.126 0.128 0.13  0.132 0.134 0.136 0.138 0.14  0.142
 0.144 0.146 0.148 0.15  0.152 0.154 0.156 0.158]",123718,5.7239761186496494e-06,1.1302651104031291e-08
10,"[0.    0.002 0.004 0.006 0.008 0.01  0.012 0.014 0.016 0.018 0.02  0.022
 0.024 0.026 0.028 0.03  0.032 0.034 0.036 0.038 0.04  0.042 0.044 0.046
 0.048 0.05  0.052 0.054 0.056 0.058 0.06  0.062 0.064 0.066 0.068 0.07
 0.072 0.074 0.076 0.078 0.08  0.082 0.084 0.086 0.088 0.09  0.092 0.094
 0.096 0.098 0.1   0.102 0.104 0.106 0.108 0.11  0.112 0.114 0.116 0.118
 0.12  0.122 0.124 0.126 0.128 0.13  0.132 0.134 0.136 0.138 0.14  0.142
 0.144 0.146 0.148 0.15  0.152 0.154 0.156 0.158]",123718,5.7239761186496494e-06,1.1302651104031291e-08
10,"[0.    0.002 0.004 0.006 0.008 0.01  0.012 0.014 0.016 0.018 0.02  0.022
 0.024 0.026 0.028 0.03  0.032 0.034 0.036 0.038 0.04  0.042 0.044 0.046
 0.048 0.05  0.052 0.054 0.056 0.058 0.06  0.062 0.064 0.066 0.068 0.07
 0.072 0.074 0.076 0.078 0.08  0.082 0.084 0.086 0.088 0.09  0.092 0.094
 0.096 0.098 0.1   0.102 0.104 0.106 0.108 0.11  0.112 0.114 0.116 0.118
 0.12  0.122 0.124 0.126 0.128 0.13  0.132 0.134 0.136 0.138 0.14  0.142
 0.144 0.146 0.148 0.15  0.152 0.154 0.156 0.158]",123718,5.7239761186496494e-06,1.1302651104031291e-08
10,"[0.    0.002 0.004 0.006 0.008 0.01  0.012 0.014 0.016 0.018 0.02  0.022
 0.024 0.026 0.028 0.03  0.032 0.034 0.036 0.038 0.04  0.042 0.044 0.046
 0.048 0.05  0.052 0.054 0.056 0.058 0.06  0.062 0.064 0.066 0.068 0.07
 0.072 0.074 0.076 0.078 0.08  0.082 0.084 0.086 0.088 0.09  0.092 0.094
 0.096 0.098 0.1   0.102 0.104 0.106 0.108 0.11  0.112 0.114 0.116 0.118
 0.12  0.122 0.124 0.126 0.128 0.13  0.132 0.134 0.136 0.138 0.14  0.142
 0.144 0.146 0.148 0.15  0.152 0.154 0.156 0.158]",123718,5.7239761186496494e-06,1.1302651104031291e-08
10,"[0.    0.002 0.004 0.006 0.008 0.01  0.012 0.014 0.016 0.018 0.02  0.022
 0.024 0.026 0.028 0.03  0.032 0.034 0.036 0.038 0.04  0.042 0.044 0.046
 0.048 0.05  0.052 0.054 0.056 0.058 0.06  0.062 0.064 0.066 0.068 0.07
 0.072 0.074 0.076 0.078 0.08  0.082 0.084 0.086 0.088 0.09  0.092 0.094
 0.096 0.098 0.1   0.102 0.104 0.106 0.108 0.11  0.112 0.114 0.116 0.118
 0.12  0.122 0.124 0.126 0.128 0.13  0.132 0.134 0.136 0.138 0.14  0.142
 0.144 0.146 0.148 0.15  0.152 0.154 0.156 0.158]",123718,5.7239761186496494e-06,1.1302651104031291e-08
10,"[0.    0.002 0.004 0.006 0.008 0.01  0.012 0.014 0.016 0.018 0.02  0.022
 0.024 0.026 0.028 0.03  0.032 0.034 0.036 0.038 0.04  0.042 0.044 0.046
 0.048 0.05  0.052 0.054 0.056 0.058 0.06  0.062 0.064 0.066 0.068 0.07
 0.072 0.074 0.076 0.078 0.08  0.082 0.084 0.086 0.088 0.09  0.092 0.094
 0.096 0.098 0.1   0.102 0.104 0.106 0.108 0.11  0.112 0.114 0.116 0.118
 0.12  0.122 0.124 0.126 0.128 0.13  0.132 0.134 0.136 0.138 0.14  0.142
 0.144 0.146 0.148 0.15  0.152 0.154 0.156 0.158]",123718,5.7239761186496494e-06,1.1302651104031291e-08
10,"[0.    0.002 0.004 0.006 0.008 0.01  0.012 0.014 0.016 0.018 0.02  0.022
 0.024 0.026 0.028 0.03  0.032 0.034 0.036 0.038 0.04  0.042 0.044 0.046
 0.048 0.05  0.052 0.054 0.056 0.058 0.06  0.062 0.064 0.066 0.068 0.07
 0.072 0.074 0.076 0.078 0.08  0.082 0.084 0.086 0.088 0.09  0.092 0.094
 0.096 0.098 0.1   0.102 0.104 0.106 0.108 0.11  0.112 0.114 0.116 0.118
 0.12  0.122 0.124 0.126 0.128 0.13  0.132 0.134 0.136 0.138 0.14  0.142
 0.144 0.146 0.148 0.15  0.152 0.154 0.156 0.158]",123718,5.7239761186496494e-06,1.1302651104031291e-08
10,"[0.    0.002 0.004 0.006 0.008 0.01  0.012 0.014 0.016 0.018 0.02  0.022
 0.024 0.026 0.028 0.03  0.032 0.034 0.036 0.038 0.04  0.042 0.044 0.046
 0.048 0.05  0.052 0.054 0.056 0.058 0.06  0.062 0.064 0.066 0.068 0.07
 0.072 0.074 0.076 0.078 0.08  0.082 0.084 0.086 0.088 0.09  0.092 0.094
 0.096 0.098 0.1   0.102 0.104 0.106 0.108 0.11  0.112 0.114 0.116 0.118
 0.12  0.122 0.124 0.126 0.128 0.13  0.132 0.134 0.136 0.138 0.14  0.142
 0.144 0.146 0.148 0.15  0.152 0.154 0.156 0.158]",123718,5.7239761186496494e-06,1.1302651104031291e-08
10,"[0.    0.002 0.004 0.006 0.008 0.01  0.012 0.014 0.016 0.018 0.02  0.022
 0.024 0.026 0.028 0.03  0.032 0.034 0.036 0.038 0.04  0.042 0.044 0.046
 0.048 0.05  0.052 0.054 0.056 0.058 0.06  0.062 0.064 0.066 0.068 0.07
 0.072 0.074 0.076 0.078 0.08  0.082 0.084 0.086 0.088 0.09  0.092 0.094
 0.096 0.098 0.1   0.102 0.104 0.106 0.108 0.11  0.112 0.114 0.116 0.118
 0.12  0.122 0.124 0.126 0.128 0.13  0.132 0.134 0.136 0.138 0.14  0.142
 0.144 0.146 0.148 0.15  0.152 0.154 0.156 0.158]",123718,5.7239761186496494e-06,1.1302651104031291e-08
10,"[0.    0.002 0.004 0.006 0.008 0.01  0.012 0.014 0.016 0.018 0.02  0.022
 0.024 0.026 0.028 0.03  0.032 0.034 0.036 0.038 0.04  0.042 0.044 0.046
 0.048 0.05  0.052 0.054 0.056 0.058 0.06  0.062 0.064 0.066 0.068 0.07
 0.072 0.074 0.076 0.078 0.08  0.082 0.084 0.086 0.088 0.09  0.092 0.094
 0.096 0.098 0.1   0.102 0.104 0.106 0.108 0.11  0.112 0.114 0.116 0.118
 0.12  0.122 0.124 0.126 0.128 0.13  0.132 0.134 0.136 0.138 0.14  0.142
 0.144 0.146 0.148 0.15  0.152 0.154 0.156 0.158]",123718,5.7239761186496494e-06,1.1302651104031291e-08
10,"[0.    0.002 0.004 0.006 0.008 0.01  0.012 0.014 0.016 0.018 0.02  0.022
 0.024 0.026 0.028 0.03  0.032 0.034 0.036 0.038 0.04  0.042 0.044 0.046
 0.048 0.05  0.052 0.054 0.056 0.058 0.06  0.062 0.064 0.066 0.068 0.07
 0.072 0.074 0.076 0.078 0.08  0.082 0.084 0.086 0.088 0.09  0.092 0.094
 0.096 0.098 0.1   0.102 0.104 0.106 0.108 0.11  0.112 0.114 0.116 0.118
 0.12  0.122 0.124 0.126 0.128 0.13  0.132 0.134 0.136 0.138 0.14  0.142
 0.144 0.146 0.148 0.15  0.152 0.154 0.156 0.158]",123718,5.7239761186496494e-06,1.1302651104031291e-08
10,"[0.    0.002 0.004 0.006 0.008 0.01  0.012 0.014 0.016 0.018 0.02  0.022
 0.024 0.026 0.028 0.03  0.032 0.034 0.036 0.038 0.04  0.042 0.044 0.046
 0.048 0.05  0.052 0.054 0.056 0.058 0.06  0.062 0.064 0.066 0.068 0.07
 0.072 0.074 0.076 0.078 0.08  0.082 0.084 0.086 0.088 0.09  0.092 0.094
 0.096 0.098 0.1   0.102 0.104 0.106 0.108 0.11  0.112 0.114 0.116 0.118
 0.12  0.122 0.124 0.126 0.128 0.13  0.132 0.134 0.136 0.138 0.14  0.142
 0.144 0.146 0.148 0.15  0.152 0.154 0.156 0.158]",123718,5.7239761186496494e-06,1.1302651104031291e-08
10,"[0.    0.002 0.004 0.006 0.008 0.01  0.012 0.014 0.016 0.018 0.02  0.022
 0.024 0.026 0.028 0.03  0.032 0.034 0.036 0.038 0.04  0.042 0.044 0.046
 0.048 0.05  0.052 0.054 0.056 0.058 0.06  0.062 0.064 0.066 0.068 0.07
 0.072 0.074 0.076 0.078 0.08  0.082 0.084 0.086 0.088 0.09  0.092 0.094
 0.096 0.098 0.1   0.102 0.104 0.106 0.108 0.11  0.112 0.114 0.116 0.118
 0.12  0.122 0.124 0.126 0.128 0.13  0.132 0.134 0.136 0.138 0.14  0.142
 0.144 0.146 0.148 0.15  0.152 0.154 0.156 0.158]",123718,5.7239761186496494e-06,1.1302651104031291e-08
10,"[0.    0.002 0.004 0.006 0.008 0.01  0.012 0.014 0.016 0.018 0.02  0.022
 0.024 0.026 0.028 0.03  0.032 0.034 0.036 0.038 0.04  0.042 0.044 0.046
 0.048 0.05  0.052 0.054 0.056 0.058 0.06  0.062 0.064 0.066 0.068 0.07
 0.072 0.074 0.076 0.078 0.08  0.082 0.084 0.086 0.088 0.09  0.092 0.094
 0.096 0.098 0.1   0.102 0.104 0.106 0.108 0.11  0.112 0.114 0.116 0.118
 0.12  0.122 0.124 0.126 0.128 0.13  0.132 0.134 0.136 0.138 0.14  0.142
 0.144 0.146 0.148 0.15  0.152 0.154 0.156 0.158]",123718,5.7239761186496494e-06,1.1302651104031291e-08
10,"[0.    0.002 0.004 0.006 0.008 0.01  0.012 0.014 0.016 0.018 0.02  0.022
 0.024 0.026 0.028 0.03  0.032 0.034 0.036 0.038 0.04  0.042 0.044 0.046
 0.048 0.05  0.052 0.054 0.056 0.058 0.06  0.062 0.064 0.066 0.068 0.07
 0.072 0.074 0.076 0.078 0.08  0.082 0.084 0.086 0.088 0.09  0.092 0.094
 0.096 0.098 0.1   0.102 0.104 0.106 0.108 0.11  0.112 0.114 0.116 0.118
 0.12  0.122 0.124 0.126 0.128 0.13  0.132 0.134 0.136 0.138 0.14  0.142
 0.144 0.146 0.148 0.15  0.152 0.154 0.156 0.158]",123718,5.7239761186496494e-06,1.1302651104031291e-08
10,"[0.    0.002 0.004 0.006 0.008 0.01  0.012 0.014 0.016 0.018 0.02  0.022
 0.024 0.026 0.028 0.03  0.032 0.034 0.036 0.038 0.04  0.042 0.044 0.046
 0.048 0.05  0.052 0.054 0.056 0.058 0.06  0.062 0.064 0.066 0.068 0.07
 0.072 0.074 0.076 0.078 0.08  0.082 0.084 0.086 0.088 0.09  0.092 0.094
 0.096 0.098 0.1   0.102 0.104 0.106 0.108 0.11  0.112 0.114 0.116 0.118
 0.12  0.122 0.124 0.126 0.128 0.13  0.132 0.134 0.136 0.138 0.14  0.142
 0.144 0.146 0.148 0.15  0.152 0.154 0.156 0.158]",123718,5.315055348359871e-06,2.887729357214931e-08
10,"[0.    0.002 0.004 0.006 0.008 0.01  0.012 0.014 0.016 0.018 0.02  0.022
 0.024 0.026 0.028 0.03  0.032 0.034 0.036 0.038 0.04  0.042 0.044 0.046
 0.048 0.05  0.052 0.054 0.056 0.058 0.06  0.062 0.064 0.066 0.068 0.07
 0.072 0.074 0.076 0.078 0.08  0.082 0.084 0.086 0.088 0.09  0.092 0.094
 0.096 0.098 0.1   0.102 0.104 0.106 0.108 0.11  0.112 0.114 0.116 0.118
 0.12  0.122 0.124 0.126 0.128 0.13  0.132 0.134 0.136 0.138 0.14  0.142
 0.144 0.146 0.148 0.15  0.152 0.154 0.156 0.158]",123718,5.315055348359871e-06,2.887729357214931e-08
10,"[0.    0.002 0.004 0.006 0.008 0.01  0.012 0.014 0.016 0.018 0.02  0.022
 0.024 0.026 0.028 0.03  0.032 0.034 0.036 0.038 0.04  0.042 0.044 0.046
 0.048 0.05  0.052 0.054 0.056 0.058 0.06  0.062 0.064 0.066 0.068 0.07
 0.072 0.074 0.076 0.078 0.08  0.082 0.084 0.086 0.088 0.09  0.092 0.094
 0.096 0.098 0.1   0.102 0.104 0.106 0.108 0.11  0.112 0.114 0.116 0.118
 0.12  0.122 0.124 0.126 0.128 0.13  0.132 0.134 0.136 0.138 0.14  0.142
 0.144 0.146 0.148 0.15  0.152 0.154 0.156 0.158]",123718,5.315055348359871e-06,2.887729357214931e-08
10,"[0.    0.002 0.004 0.006 0.008 0.01  0.012 0.014 0.016 0.018 0.02  0.022
 0.024 0.026 0.028 0.03  0.032 0.034 0.036 0.038 0.04  0.042 0.044 0.046
 0.048 0.05  0.052 0.054 0.056 0.058 0.06  0.062 0.064 0.066 0.068 0.07
 0.072 0.074 0.076 0.078 0.08  0.082 0.084 0.086 0.088 0.09  0.092 0.094
 0.096 0.098 0.1   0.102 0.104 0.106 0.108 0.11  0.112 0.114 0.116 0.118
 0.12  0.122 0.124 0.126 0.128 0.13  0.132 0.134 0.136 0.138 0.14  0.142
 0.144 0.146 0.148 0.15  0.152 0.154 0.156 0.158]",123718,5.315055348359871e-06,2.887729357214931e-08
10,"[0.    0.002 0.004 0.006 0.008 0.01  0.012 0.014 0.016 0.018 0.02  0.022
 0.024 0.026 0.028 0.03  0.032 0.034 0.036 0.038 0.04  0.042 0.044 0.046
 0.048 0.05  0.052 0.054 0.056 0.058 0.06  0.062 0.064 0.066 0.068 0.07
 0.072 0.074 0.076 0.078 0.08  0.082 0.084 0.086 0.088 0.09  0.092 0.094
 0.096 0.098 0.1   0.102 0.104 0.106 0.108 0.11  0.112 0.114 0.116 0.118
 0.12  0.122 0.124 0.126 0.128 0.13  0.132 0.134 0.136 0.138 0.14  0.142
 0.144 0.146 0.148 0.15  0.152 0.154 0.156 0.158]",123718,5.315055348359871e-06,2.887729357214931e-08
10,"[0.    0.002 0.004 0.006 0.008 0.01  0.012 0.014 0.016 0.018 0.02  0.022
 0.024 0.026 0.028 0.03  0.032 0.034 0.036 0.038 0.04  0.042 0.044 0.046
 0.048 0.05  0.052 0.054 0.056 0.058 0.06  0.062 0.064 0.066 0.068 0.07
 0.072 0.074 0.076 0.078 0.08  0.082 0.084 0.086 0.088 0.09  0.092 0.094
 0.096 0.098 0.1   0.102 0.104 0.106 0.108 0.11  0.112 0.114 0.116 0.118
 0.12  0.122 0.124 0.126 0.128 0.13  0.132 0.134 0.136 0.138 0.14  0.142
 0.144 0.146 0.148 0.15  0.152 0.154 0.156 0.158]",123718,5.315055348359871e-06,2.887729357214931e-08
10,"[0.    0.002 0.004 0.006 0.008 0.01  0.012 0.014 0.016 0.018 0.02  0.022
 0.024 0.026 0.028 0.03  0.032 0.034 0.036 0.038 0.04  0.042 0.044 0.046
 0.048 0.05  0.052 0.054 0.056 0.058 0.06  0.062 0.064 0.066 0.068 0.07
 0.072 0.074 0.076 0.078 0.08  0.082 0.084 0.086 0.088 0.09  0.092 0.094
 0.096 0.098 0.1   0.102 0.104 0.106 0.108 0.11  0.112 0.114 0.116 0.118
 0.12  0.122 0.124 0.126 0.128 0.13  0.132 0.134 0.136 0.138 0.14  0.142
 0.144 0.146 0.148 0.15  0.152 0.154 0.156 0.158]",123718,5.315055348359871e-06,2.887729357214931e-08
10,"[0.    0.002 0.004 0.006 0.008 0.01  0.012 0.014 0.016 0.018 0.02  0.022
 0.024 0.026 0.028 0.03  0.032 0.034 0.036 0.038 0.04  0.042 0.044 0.046
 0.048 0.05  0.052 0.054 0.056 0.058 0.06  0.062 0.064 0.066 0.068 0.07
 0.072 0.074 0.076 0.078 0.08  0.082 0.084 0.086 0.088 0.09  0.092 0.094
 0.096 0.098 0.1   0.102 0.104 0.106 0.108 0.11  0.112 0.114 0.116 0.118
 0.12  0.122 0.124 0.126 0.128 0.13  0.132 0.134 0.136 0.138 0.14  0.142
 0.144 0.146 0.148 0.15  0.152 0.154 0.156 0.158]",123718,5.315055348359871e-06,2.887729357214931e-08
10,"[0.    0.002 0.004 0.006 0.008 0.01  0.012 0.014 0.016 0.018 0.02  0.022
 0.024 0.026 0.028 0.03  0.032 0.034 0.036 0.038 0.04  0.042 0.044 0.046
 0.048 0.05  0.052 0.054 0.056 0.058 0.06  0.062 0.064 0.066 0.068 0.07
 0.072 0.074 0.076 0.078 0.08  0.082 0.084 0.086 0.088 0.09  0.092 0.094
 0.096 0.098 0.1   0.102 0.104 0.106 0.108 0.11  0.112 0.114 0.116 0.118
 0.12  0.122 0.124 0.126 0.128 0.13  0.132 0.134 0.136 0.138 0.14  0.142
 0.144 0.146 0.148 0.15  0.152 0.154 0.156 0.158]",123718,5.315055348359871e-06,2.887729357214931e-08
10,"[0.    0.002 0.004 0.006 0.008 0.01  0.012 0.014 0.016 0.018 0.02  0.022
 0.024 0.026 0.028 0.03  0.032 0.034 0.036 0.038 0.04  0.042 0.044 0.046
 0.048 0.05  0.052 0.054 0.056 0.058 0.06  0.062 0.064 0.066 0.068 0.07
 0.072 0.074 0.076 0.078 0.08  0.082 0.084 0.086 0.088 0.09  0.092 0.094
 0.096 0.098 0.1   0.102 0.104 0.106 0.108 0.11  0.112 0.114 0.116 0.118
 0.12  0.122 0.124 0.126 0.128 0.13  0.132 0.134 0.136 0.138 0.14  0.142
 0.144 0.146 0.148 0.15  0.152 0.154 0.156 0.158]",123718,5.315055348359871e-06,2.887729357214931e-08
10,"[0.    0.002 0.004 0.006 0.008 0.01  0.012 0.014 0.016 0.018 0.02  0.022
 0.024 0.026 0.028 0.03  0.032 0.034 0.036 0.038 0.04  0.042 0.044 0.046
 0.048 0.05  0.052 0.054 0.056 0.058 0.06  0.062 0.064 0.066 0.068 0.07
 0.072 0.074 0.076 0.078 0.08  0.082 0.084 0.086 0.088 0.09  0.092 0.094
 0.096 0.098 0.1   0.102 0.104 0.106 0.108 0.11  0.112 0.114 0.116 0.118
 0.12  0.122 0.124 0.126 0.128 0.13  0.132 0.134 0.136 0.138 0.14  0.142
 0.144 0.146 0.148 0.15  0.152 0.154 0.156 0.158]",123718,5.315055348359871e-06,2.887729357214931e-08
10,"[0.    0.002 0.004 0.006 0.008 0.01  0.012 0.014 0.016 0.018 0.02  0.022
 0.024 0.026 0.028 0.03  0.032 0.034 0.036 0.038 0.04  0.042 0.044 0.046
 0.048 0.05  0.052 0.054 0.056 0.058 0.06  0.062 0.064 0.066 0.068 0.07
 0.072 0.074 0.076 0.078 0.08  0.082 0.084 0.086 0.088 0.09  0.092 0.094
 0.096 0.098 0.1   0.102 0.104 0.106 0.108 0.11  0.112 0.114 0.116 0.118
 0.12  0.122 0.124 0.126 0.128 0.13  0.132 0.134 0.136 0.138 0.14  0.142
 0.144 0.146 0.148 0.15  0.152 0.154 0.156 0.158]",123718,5.315055348359871e-06,2.887729357214931e-08
10,"[0.    0.002 0.004 0.006 0.008 0.01  0.012 0.014 0.016 0.018 0.02  0.022
 0.024 0.026 0.028 0.03  0.032 0.034 0.036 0.038 0.04  0.042 0.044 0.046
 0.048 0.05  0.052 0.054 0.056 0.058 0.06  0.062 0.064 0.066 0.068 0.07
 0.072 0.074 0.076 0.078 0.08  0.082 0.084 0.086 0.088 0.09  0.092 0.094
 0.096 0.098 0.1   0.102 0.104 0.106 0.108 0.11  0.112 0.114 0.116 0.118
 0.12  0.122 0.124 0.126 0.128 0.13  0.132 0.134 0.136 0.138 0.14  0.142
 0.144 0.146 0.148 0.15  0.152 0.154 0.156 0.158]",123718,5.315055348359871e-06,2.887729357214931e-08
10,"[0.    0.002 0.004 0.006 0.008 0.01  0.012 0.014 0.016 0.018 0.02  0.022
 0.024 0.026 0.028 0.03  0.032 0.034 0.036 0.038 0.04  0.042 0.044 0.046
 0.048 0.05  0.052 0.054 0.056 0.058 0.06  0.062 0.064 0.066 0.068 0.07
 0.072 0.074 0.076 0.078 0.08  0.082 0.084 0.086 0.088 0.09  0.092 0.094
 0.096 0.098 0.1   0.102 0.104 0.106 0.108 0.11  0.112 0.114 0.116 0.118
 0.12  0.122 0.124 0.126 0.128 0.13  0.132 0.134 0.136 0.138 0.14  0.142
 0.144 0.146 0.148 0.15  0.152 0.154 0.156 0.158]",123718,5.315055348359871e-06,2.887729357214931e-08
10,"[0.    0.002 0.004 0.006 0.008 0.01  0.012 0.014 0.016 0.018 0.02  0.022
 0.024 0.026 0.028 0.03  0.032 0.034 0.036 0.038 0.04  0.042 0.044 0.046
 0.048 0.05  0.052 0.054 0.056 0.058 0.06  0.062 0.064 0.066 0.068 0.07
 0.072 0.074 0.076 0.078 0.08  0.082 0.084 0.086 0.088 0.09  0.092 0.094
 0.096 0.098 0.1   0.102 0.104 0.106 0.108 0.11  0.112 0.114 0.116 0.118
 0.12  0.122 0.124 0.126 0.128 0.13  0.132 0.134 0.136 0.138 0.14  0.142
 0.144 0.146 0.148 0.15  0.152 0.154 0.156 0.158]",123718,4.930373211362552e-06,5.677458849366007e-08
10,"[0.    0.002 0.004 0.006 0.008 0.01  0.012 0.014 0.016 0.018 0.02  0.022
 0.024 0.026 0.028 0.03  0.032 0.034 0.036 0.038 0.04  0.042 0.044 0.046
 0.048 0.05  0.052 0.054 0.056 0.058 0.06  0.062 0.064 0.066 0.068 0.07
 0.072 0.074 0.076 0.078 0.08  0.082 0.084 0.086 0.088 0.09  0.092 0.094
 0.096 0.098 0.1   0.102 0.104 0.106 0.108 0.11  0.112 0.114 0.116 0.118
 0.12  0.122 0.124 0.126 0.128 0.13  0.132 0.134 0.136 0.138 0.14  0.142
 0.144 0.146 0.148 0.15  0.152 0.154 0.156 0.158]",123718,4.930373211362552e-06,5.677458849366007e-08
10,"[0.    0.002 0.004 0.006 0.008 0.01  0.012 0.014 0.016 0.018 0.02  0.022
 0.024 0.026 0.028 0.03  0.032 0.034 0.036 0.038 0.04  0.042 0.044 0.046
 0.048 0.05  0.052 0.054 0.056 0.058 0.06  0.062 0.064 0.066 0.068 0.07
 0.072 0.074 0.076 0.078 0.08  0.082 0.084 0.086 0.088 0.09  0.092 0.094
 0.096 0.098 0.1   0.102 0.104 0.106 0.108 0.11  0.112 0.114 0.116 0.118
 0.12  0.122 0.124 0.126 0.128 0.13  0.132 0.134 0.136 0.138 0.14  0.142
 0.144 0.146 0.148 0.15  0.152 0.154 0.156 0.158]",123718,4.930373211362552e-06,5.677458849366007e-08
10,"[0.    0.002 0.004 0.006 0.008 0.01  0.012 0.014 0.016 0.018 0.02  0.022
 0.024 0.026 0.028 0.03  0.032 0.034 0.036 0.038 0.04  0.042 0.044 0.046
 0.048 0.05  0.052 0.054 0.056 0.058 0.06  0.062 0.064 0.066 0.068 0.07
 0.072 0.074 0.076 0.078 0.08  0.082 0.084 0.086 0.088 0.09  0.092 0.094
 0.096 0.098 0.1   0.102 0.104 0.106 0.108 0.11  0.112 0.114 0.116 0.118
 0.12  0.122 0.124 0.126 0.128 0.13  0.132 0.134 0.136 0.138 0.14  0.142
 0.144 0.146 0.148 0.15  0.152 0.154 0.156 0.158]",123718,4.930373211362552e-06,5.677458849366007e-08
10,"[0.    0.002 0.004 0.006 0.008 0.01  0.012 0.014 0.016 0.018 0.02  0.022
 0.024 0.026 0.028 0.03  0.032 0.034 0.036 0.038 0.04  0.042 0.044 0.046
 0.048 0.05  0.052 0.054 0.056 0.058 0.06  0.062 0.064 0.066 0.068 0.07
 0.072 0.074 0.076 0.078 0.08  0.082 0.084 0.086 0.088 0.09  0.092 0.094
 0.096 0.098 0.1   0.102 0.104 0.106 0.108 0.11  0.112 0.114 0.116 0.118
 0.12  0.122 0.124 0.126 0.128 0.13  0.132 0.134 0.136 0.138 0.14  0.142
 0.144 0.146 0.148 0.15  0.152 0.154 0.156 0.158]",123718,4.930373211362552e-06,5.677458849366007e-08
10,"[0.    0.002 0.004 0.006 0.008 0.01  0.012 0.014 0.016 0.018 0.02  0.022
 0.024 0.026 0.028 0.03  0.032 0.034 0.036 0.038 0.04  0.042 0.044 0.046
 0.048 0.05  0.052 0.054 0.056 0.058 0.06  0.062 0.064 0.066 0.068 0.07
 0.072 0.074 0.076 0.078 0.08  0.082 0.084 0.086 0.088 0.09  0.092 0.094
 0.096 0.098 0.1   0.102 0.104 0.106 0.108 0.11  0.112 0.114 0.116 0.118
 0.12  0.122 0.124 0.126 0.128 0.13  0.132 0.134 0.136 0.138 0.14  0.142
 0.144 0.146 0.148 0.15  0.152 0.154 0.156 0.158]",123718,4.930373211362552e-06,5.677458849366007e-08
10,"[0.    0.002 0.004 0.006 0.008 0.01  0.012 0.014 0.016 0.018 0.02  0.022
 0.024 0.026 0.028 0.03  0.032 0.034 0.036 0.038 0.04  0.042 0.044 0.046
 0.048 0.05  0.052 0.054 0.056 0.058 0.06  0.062 0.064 0.066 0.068 0.07
 0.072 0.074 0.076 0.078 0.08  0.082 0.084 0.086 0.088 0.09  0.092 0.094
 0.096 0.098 0.1   0.102 0.104 0.106 0.108 0.11  0.112 0.114 0.116 0.118
 0.12  0.122 0.124 0.126 0.128 0.13  0.132 0.134 0.136 0.138 0.14  0.142
 0.144 0.146 0.148 0.15  0.152 0.154 0.156 0.158]",123718,4.930373211362552e-06,5.677458849366007e-08
10,"[0.    0.002 0.004 0.006 0.008 0.01  0.012 0.014 0.016 0.018 0.02  0.022
 0.024 0.026 0.028 0.03  0.032 0.034 0.036 0.038 0.04  0.042 0.044 0.046
 0.048 0.05  0.052 0.054 0.056 0.058 0.06  0.062 0.064 0.066 0.068 0.07
 0.072 0.074 0.076 0.078 0.08  0.082 0.084 0.086 0.088 0.09  0.092 0.094
 0.096 0.098 0.1   0.102 0.104 0.106 0.108 0.11  0.112 0.114 0.116 0.118
 0.12  0.122 0.124 0.126 0.128 0.13  0.132 0.134 0.136 0.138 0.14  0.142
 0.144 0.146 0.148 0.15  0.152 0.154 0.156 0.158]",123718,4.930373211362552e-06,5.677458849366007e-08
10,"[0.    0.002 0.004 0.006 0.008 0.01  0.012 0.014 0.016 0.018 0.02  0.022
 0.024 0.026 0.028 0.03  0.032 0.034 0.036 0.038 0.04  0.042 0.044 0.046
 0.048 0.05  0.052 0.054 0.056 0.058 0.06  0.062 0.064 0.066 0.068 0.07
 0.072 0.074 0.076 0.078 0.08  0.082 0.084 0.086 0.088 0.09  0.092 0.094
 0.096 0.098 0.1   0.102 0.104 0.106 0.108 0.11  0.112 0.114 0.116 0.118
 0.12  0.122 0.124 0.126 0.128 0.13  0.132 0.134 0.136 0.138 0.14  0.142
 0.144 0.146 0.148 0.15  0.152 0.154 0.156 0.158]",123718,4.930373211362552e-06,5.677458849366007e-08
10,"[0.    0.002 0.004 0.006 0.008 0.01  0.012 0.014 0.016 0.018 0.02  0.022
 0.024 0.026 0.028 0.03  0.032 0.034 0.036 0.038 0.04  0.042 0.044 0.046
 0.048 0.05  0.052 0.054 0.056 0.058 0.06  0.062 0.064 0.066 0.068 0.07
 0.072 0.074 0.076 0.078 0.08  0.082 0.084 0.086 0.088 0.09  0.092 0.094
 0.096 0.098 0.1   0.102 0.104 0.106 0.108 0.11  0.112 0.114 0.116 0.118
 0.12  0.122 0.124 0.126 0.128 0.13  0.132 0.134 0.136 0.138 0.14  0.142
 0.144 0.146 0.148 0.15  0.152 0.154 0.156 0.158]",123718,4.930373211362552e-06,5.677458849366007e-08
10,"[0.    0.002 0.004 0.006 0.008 0.01  0.012 0.014 0.016 0.018 0.02  0.022
 0.024 0.026 0.028 0.03  0.032 0.034 0.036 0.038 0.04  0.042 0.044 0.046
 0.048 0.05  0.052 0.054 0.056 0.058 0.06  0.062 0.064 0.066 0.068 0.07
 0.072 0.074 0.076 0.078 0.08  0.082 0.084 0.086 0.088 0.09  0.092 0.094
 0.096 0.098 0.1   0.102 0.104 0.106 0.108 0.11  0.112 0.114 0.116 0.118
 0.12  0.122 0.124 0.126 0.128 0.13  0.132 0.134 0.136 0.138 0.14  0.142
 0.144 0.146 0.148 0.15  0.152 0.154 0.156 0.158]",123718,4.930373211362552e-06,5.677458849366007e-08
10,"[0.    0.002 0.004 0.006 0.008 0.01  0.012 0.014 0.016 0.018 0.02  0.022
 0.024 0.026 0.028 0.03  0.032 0.034 0.036 0.038 0.04  0.042 0.044 0.046
 0.048 0.05  0.052 0.054 0.056 0.058 0.06  0.062 0.064 0.066 0.068 0.07
 0.072 0.074 0.076 0.078 0.08  0.082 0.084 0.086 0.088 0.09  0.092 0.094
 0.096 0.098 0.1   0.102 0.104 0.106 0.108 0.11  0.112 0.114 0.116 0.118
 0.12  0.122 0.124 0.126 0.128 0.13  0.132 0.134 0.136 0.138 0.14  0.142
 0.144 0.146 0.148 0.15  0.152 0.154 0.156 0.158]",123718,4.930373211362552e-06,5.677458849366007e-08
10,"[0.    0.002 0.004 0.006 0.008 0.01  0.012 0.014 0.016 0.018 0.02  0.022
 0.024 0.026 0.028 0.03  0.032 0.034 0.036 0.038 0.04  0.042 0.044 0.046
 0.048 0.05  0.052 0.054 0.056 0.058 0.06  0.062 0.064 0.066 0.068 0.07
 0.072 0.074 0.076 0.078 0.08  0.082 0.084 0.086 0.088 0.09  0.092 0.094
 0.096 0.098 0.1   0.102 0.104 0.106 0.108 0.11  0.112 0.114 0.116 0.118
 0.12  0.122 0.124 0.126 0.128 0.13  0.132 0.134 0.136 0.138 0.14  0.142
 0.144 0.146 0.148 0.15  0.152 0.154 0.156 0.158]",123718,4.930373211362552e-06,5.677458849366007e-08
10,"[0.    0.002 0.004 0.006 0.008 0.01  0.012 0.014 0.016 0.018 0.02  0.022
 0.024 0.026 0.028 0.03  0.032 0.034 0.036 0.038 0.04  0.042 0.044 0.046
 0.048 0.05  0.052 0.054 0.056 0.058 0.06  0.062 0.064 0.066 0.068 0.07
 0.072 0.074 0.076 0.078 0.08  0.082 0.084 0.086 0.088 0.09  0.092 0.094
 0.096 0.098 0.1   0.102 0.104 0.106 0.108 0.11  0.112 0.114 0.116 0.118
 0.12  0.122 0.124 0.126 0.128 0.13  0.132 0.134 0.136 0.138 0.14  0.142
 0.144 0.146 0.148 0.15  0.152 0.154 0.156 0.158]",123718,4.930373211362552e-06,5.677458849366007e-08
10,"[0.    0.002 0.004 0.006 0.008 0.01  0.012 0.014 0.016 0.018 0.02  0.022
 0.024 0.026 0.028 0.03  0.032 0.034 0.036 0.038 0.04  0.042 0.044 0.046
 0.048 0.05  0.052 0.054 0.056 0.058 0.06  0.062 0.064 0.066 0.068 0.07
 0.072 0.074 0.076 0.078 0.08  0.082 0.084 0.086 0.088 0.09  0.092 0.094
 0.096 0.098 0.1   0.102 0.104 0.106 0.108 0.11  0.112 0.114 0.116 0.118
 0.12  0.122 0.124 0.126 0.128 0.13  0.132 0.134 0.136 0.138 0.14  0.142
 0.144 0.146 0.148 0.15  0.152 0.154 0.156 0.158]",123718,4.930373211362552e-06,5.677458849366007e-08
10,"[0.    0.002 0.004 0.006 0.008 0.01  0.012 0.014 0.016 0.018 0.02  0.022
 0.024 0.026 0.028 0.03  0.032 0.034 0.036 0.038 0.04  0.042 0.044 0.046
 0.048 0.05  0.052 0.054 0.056 0.058 0.06  0.062 0.064 0.066 0.068 0.07
 0.072 0.074 0.076 0.078 0.08  0.082 0.084 0.086 0.088 0.09  0.092 0.094
 0.096 0.098 0.1   0.102 0.104 0.106 0.108 0.11  0.112 0.114 0.116 0.118
 0.12  0.122 0.124 0.126 0.128 0.13  0.132 0.134 0.136 0.138 0.14  0.142
 0.144 0.146 0.148 0.15  0.152 0.154 0.156 0.158]",123718,4.563461716563478e-06,9.473320289505996e-08
10,"[0.    0.002 0.004 0.006 0.008 0.01  0.012 0.014 0.016 0.018 0.02  0.022
 0.024 0.026 0.028 0.03  0.032 0.034 0.036 0.038 0.04  0.042 0.044 0.046
 0.048 0.05  0.052 0.054 0.056 0.058 0.06  0.062 0.064 0.066 0.068 0.07
 0.072 0.074 0.076 0.078 0.08  0.082 0.084 0.086 0.088 0.09  0.092 0.094
 0.096 0.098 0.1   0.102 0.104 0.106 0.108 0.11  0.112 0.114 0.116 0.118
 0.12  0.122 0.124 0.126 0.128 0.13  0.132 0.134 0.136 0.138 0.14  0.142
 0.144 0.146 0.148 0.15  0.152 0.154 0.156 0.158]",123718,4.563461716563478e-06,9.473320289505996e-08
10,"[0.    0.002 0.004 0.006 0.008 0.01  0.012 0.014 0.016 0.018 0.02  0.022
 0.024 0.026 0.028 0.03  0.032 0.034 0.036 0.038 0.04  0.042 0.044 0.046
 0.048 0.05  0.052 0.054 0.056 0.058 0.06  0.062 0.064 0.066 0.068 0.07
 0.072 0.074 0.076 0.078 0.08  0.082 0.084 0.086 0.088 0.09  0.092 0.094
 0.096 0.098 0.1   0.102 0.104 0.106 0.108 0.11  0.112 0.114 0.116 0.118
 0.12  0.122 0.124 0.126 0.128 0.13  0.132 0.134 0.136 0.138 0.14  0.142
 0.144 0.146 0.148 0.15  0.152 0.154 0.156 0.158]",123718,4.240192828339508e-06,1.4536646651138508e-07
10,"[0.    0.002 0.004 0.006 0.008 0.01  0.012 0.014 0.016 0.018 0.02  0.022
 0.024 0.026 0.028 0.03  0.032 0.034 0.036 0.038 0.04  0.042 0.044 0.046
 0.048 0.05  0.052 0.054 0.056 0.058 0.06  0.062 0.064 0.066 0.068 0.07
 0.072 0.074 0.076 0.078 0.08  0.082 0.084 0.086 0.088 0.09  0.092 0.094
 0.096 0.098 0.1   0.102 0.104 0.106 0.108 0.11  0.112 0.114 0.116 0.118
 0.12  0.122 0.124 0.126 0.128 0.13  0.132 0.134 0.136 0.138 0.14  0.142
 0.144 0.146 0.148 0.15  0.152 0.154 0.156 0.158]",123718,4.563461716563478e-06,9.473320289505996e-08
10,"[0.    0.002 0.004 0.006 0.008 0.01  0.012 0.014 0.016 0.018 0.02  0.022
 0.024 0.026 0.028 0.03  0.032 0.034 0.036 0.038 0.04  0.042 0.044 0.046
 0.048 0.05  0.052 0.054 0.056 0.058 0.06  0.062 0.064 0.066 0.068 0.07
 0.072 0.074 0.076 0.078 0.08  0.082 0.084 0.086 0.088 0.09  0.092 0.094
 0.096 0.098 0.1   0.102 0.104 0.106 0.108 0.11  0.112 0.114 0.116 0.118
 0.12  0.122 0.124 0.126 0.128 0.13  0.132 0.134 0.136 0.138 0.14  0.142
 0.144 0.146 0.148 0.15  0.152 0.154 0.156 0.158]",123718,4.930373211362552e-06,5.677458849366007e-08
10,"[0.    0.002 0.004 0.006 0.008 0.01  0.012 0.014 0.016 0.018 0.02  0.022
 0.024 0.026 0.028 0.03  0.032 0.034 0.036 0.038 0.04  0.042 0.044 0.046
 0.048 0.05  0.052 0.054 0.056 0.058 0.06  0.062 0.064 0.066 0.068 0.07
 0.072 0.074 0.076 0.078 0.08  0.082 0.084 0.086 0.088 0.09  0.092 0.094
 0.096 0.098 0.1   0.102 0.104 0.106 0.108 0.11  0.112 0.114 0.116 0.118
 0.12  0.122 0.124 0.126 0.128 0.13  0.132 0.134 0.136 0.138 0.14  0.142
 0.144 0.146 0.148 0.15  0.152 0.154 0.156 0.158]",123718,4.930373211362552e-06,5.677458849366007e-08
10,"[0.    0.002 0.004 0.006 0.008 0.01  0.012 0.014 0.016 0.018 0.02  0.022
 0.024 0.026 0.028 0.03  0.032 0.034 0.036 0.038 0.04  0.042 0.044 0.046
 0.048 0.05  0.052 0.054 0.056 0.058 0.06  0.062 0.064 0.066 0.068 0.07
 0.072 0.074 0.076 0.078 0.08  0.082 0.084 0.086 0.088 0.09  0.092 0.094
 0.096 0.098 0.1   0.102 0.104 0.106 0.108 0.11  0.112 0.114 0.116 0.118
 0.12  0.122 0.124 0.126 0.128 0.13  0.132 0.134 0.136 0.138 0.14  0.142
 0.144 0.146 0.148 0.15  0.152 0.154 0.156 0.158]",123718,4.607104323138581e-06,1.0740785210998523e-07
10,"[0.    0.002 0.004 0.006 0.008 0.01  0.012 0.014 0.016 0.018 0.02  0.022
 0.024 0.026 0.028 0.03  0.032 0.034 0.036 0.038 0.04  0.042 0.044 0.046
 0.048 0.05  0.052 0.054 0.056 0.058 0.06  0.062 0.064 0.066 0.068 0.07
 0.072 0.074 0.076 0.078 0.08  0.082 0.084 0.086 0.088 0.09  0.092 0.094
 0.096 0.098 0.1   0.102 0.104 0.106 0.108 0.11  0.112 0.114 0.116 0.118
 0.12  0.122 0.124 0.126 0.128 0.13  0.132 0.134 0.136 0.138 0.14  0.142
 0.144 0.146 0.148 0.15  0.152 0.154 0.156 0.158]",123718,4.930373211362552e-06,5.677458849366007e-08
10,"[0.    0.002 0.004 0.006 0.008 0.01  0.012 0.014 0.016 0.018 0.02  0.022
 0.024 0.026 0.028 0.03  0.032 0.034 0.036 0.038 0.04  0.042 0.044 0.046
 0.048 0.05  0.052 0.054 0.056 0.058 0.06  0.062 0.064 0.066 0.068 0.07
 0.072 0.074 0.076 0.078 0.08  0.082 0.084 0.086 0.088 0.09  0.092 0.094
 0.096 0.098 0.1   0.102 0.104 0.106 0.108 0.11  0.112 0.114 0.116 0.118
 0.12  0.122 0.124 0.126 0.128 0.13  0.132 0.134 0.136 0.138 0.14  0.142
 0.144 0.146 0.148 0.15  0.152 0.154 0.156 0.158]",123718,4.607104323138581e-06,1.0740785210998523e-07
10,"[0.    0.002 0.004 0.006 0.008 0.01  0.012 0.014 0.016 0.018 0.02  0.022
 0.024 0.026 0.028 0.03  0.032 0.034 0.036 0.038 0.04  0.042 0.044 0.046
 0.048 0.05  0.052 0.054 0.056 0.058 0.06  0.062 0.064 0.066 0.068 0.07
 0.072 0.074 0.076 0.078 0.08  0.082 0.084 0.086 0.088 0.09  0.092 0.094
 0.096 0.098 0.1   0.102 0.104 0.106 0.108 0.11  0.112 0.114 0.116 0.118
 0.12  0.122 0.124 0.126 0.128 0.13  0.132 0.134 0.136 0.138 0.14  0.142
 0.144 0.146 0.148 0.15  0.152 0.154 0.156 0.158]",123718,4.930373211362552e-06,5.677458849366007e-08
10,"[0.    0.002 0.004 0.006 0.008 0.01  0.012 0.014 0.016 0.018 0.02  0.022
 0.024 0.026 0.028 0.03  0.032 0.034 0.036 0.038 0.04  0.042 0.044 0.046
 0.048 0.05  0.052 0.054 0.056 0.058 0.06  0.062 0.064 0.066 0.068 0.07
 0.072 0.074 0.076 0.078 0.08  0.082 0.084 0.086 0.088 0.09  0.092 0.094
 0.096 0.098 0.1   0.102 0.104 0.106 0.108 0.11  0.112 0.114 0.116 0.118
 0.12  0.122 0.124 0.126 0.128 0.13  0.132 0.134 0.136 0.138 0.14  0.142
 0.144 0.146 0.148 0.15  0.152 0.154 0.156 0.158]",123718,4.607104323138581e-06,1.0740785210998523e-07
10,"[0.    0.002 0.004 0.006 0.008 0.01  0.012 0.014 0.016 0.018 0.02  0.022
 0.024 0.026 0.028 0.03  0.032 0.034 0.036 0.038 0.04  0.042 0.044 0.046
 0.048 0.05  0.052 0.054 0.056 0.058 0.06  0.062 0.064 0.066 0.068 0.07
 0.072 0.074 0.076 0.078 0.08  0.082 0.084 0.086 0.088 0.09  0.092 0.094
 0.096 0.098 0.1   0.102 0.104 0.106 0.108 0.11  0.112 0.114 0.116 0.118
 0.12  0.122 0.124 0.126 0.128 0.13  0.132 0.134 0.136 0.138 0.14  0.142
 0.144 0.146 0.148 0.15  0.152 0.154 0.156 0.158]",123718,4.607104323138581e-06,1.0740785210998523e-07
10,"[0.    0.002 0.004 0.006 0.008 0.01  0.012 0.014 0.016 0.018 0.02  0.022
 0.024 0.026 0.028 0.03  0.032 0.034 0.036 0.038 0.04  0.042 0.044 0.046
 0.048 0.05  0.052 0.054 0.056 0.058 0.06  0.062 0.064 0.066 0.068 0.07
 0.072 0.074 0.076 0.078 0.08  0.082 0.084 0.086 0.088 0.09  0.092 0.094
 0.096 0.098 0.1   0.102 0.104 0.106 0.108 0.11  0.112 0.114 0.116 0.118
 0.12  0.122 0.124 0.126 0.128 0.13  0.132 0.134 0.136 0.138 0.14  0.142
 0.144 0.146 0.148 0.15  0.152 0.154 0.156 0.158]",123718,4.607104323138581e-06,1.0740785210998523e-07
10,"[0.    0.002 0.004 0.006 0.008 0.01  0.012 0.014 0.016 0.018 0.02  0.022
 0.024 0.026 0.028 0.03  0.032 0.034 0.036 0.038 0.04  0.042 0.044 0.046
 0.048 0.05  0.052 0.054 0.056 0.058 0.06  0.062 0.064 0.066 0.068 0.07
 0.072 0.074 0.076 0.078 0.08  0.082 0.084 0.086 0.088 0.09  0.092 0.094
 0.096 0.098 0.1   0.102 0.104 0.106 0.108 0.11  0.112 0.114 0.116 0.118
 0.12  0.122 0.124 0.126 0.128 0.13  0.132 0.134 0.136 0.138 0.14  0.142
 0.144 0.146 0.148 0.15  0.152 0.154 0.156 0.158]",123718,4.607104323138581e-06,1.0740785210998523e-07
10,"[0.    0.002 0.004 0.006 0.008 0.01  0.012 0.014 0.016 0.018 0.02  0.022
 0.024 0.026 0.028 0.03  0.032 0.034 0.036 0.038 0.04  0.042 0.044 0.046
 0.048 0.05  0.052 0.054 0.056 0.058 0.06  0.062 0.064 0.066 0.068 0.07
 0.072 0.074 0.076 0.078 0.08  0.082 0.084 0.086 0.088 0.09  0.092 0.094
 0.096 0.098 0.1   0.102 0.104 0.106 0.108 0.11  0.112 0.114 0.116 0.118
 0.12  0.122 0.124 0.126 0.128 0.13  0.132 0.134 0.136 0.138 0.14  0.142
 0.144 0.146 0.148 0.15  0.152 0.154 0.156 0.158]",123718,4.607104323138581e-06,1.0740785210998523e-07
10,"[0.    0.002 0.004 0.006 0.008 0.01  0.012 0.014 0.016 0.018 0.02  0.022
 0.024 0.026 0.028 0.03  0.032 0.034 0.036 0.038 0.04  0.042 0.044 0.046
 0.048 0.05  0.052 0.054 0.056 0.058 0.06  0.062 0.064 0.066 0.068 0.07
 0.072 0.074 0.076 0.078 0.08  0.082 0.084 0.086 0.088 0.09  0.092 0.094
 0.096 0.098 0.1   0.102 0.104 0.106 0.108 0.11  0.112 0.114 0.116 0.118
 0.12  0.122 0.124 0.126 0.128 0.13  0.132 0.134 0.136 0.138 0.14  0.142
 0.144 0.146 0.148 0.15  0.152 0.154 0.156 0.158]",123718,4.607104323138581e-06,1.0740785210998523e-07
10,"[0.    0.002 0.004 0.006 0.008 0.01  0.012 0.014 0.016 0.018 0.02  0.022
 0.024 0.026 0.028 0.03  0.032 0.034 0.036 0.038 0.04  0.042 0.044 0.046
 0.048 0.05  0.052 0.054 0.056 0.058 0.06  0.062 0.064 0.066 0.068 0.07
 0.072 0.074 0.076 0.078 0.08  0.082 0.084 0.086 0.088 0.09  0.092 0.094
 0.096 0.098 0.1   0.102 0.104 0.106 0.108 0.11  0.112 0.114 0.116 0.118
 0.12  0.122 0.124 0.126 0.128 0.13  0.132 0.134 0.136 0.138 0.14  0.142
 0.144 0.146 0.148 0.15  0.152 0.154 0.156 0.158]",123718,4.607104323138581e-06,1.0740785210998523e-07
10,"[0.    0.002 0.004 0.006 0.008 0.01  0.012 0.014 0.016 0.018 0.02  0.022
 0.024 0.026 0.028 0.03  0.032 0.034 0.036 0.038 0.04  0.042 0.044 0.046
 0.048 0.05  0.052 0.054 0.056 0.058 0.06  0.062 0.064 0.066 0.068 0.07
 0.072 0.074 0.076 0.078 0.08  0.082 0.084 0.086 0.088 0.09  0.092 0.094
 0.096 0.098 0.1   0.102 0.104 0.106 0.108 0.11  0.112 0.114 0.116 0.118
 0.12  0.122 0.124 0.126 0.128 0.13  0.132 0.134 0.136 0.138 0.14  0.142
 0.144 0.146 0.148 0.15  0.152 0.154 0.156 0.158]",123718,4.607104323138581e-06,1.0740785210998523e-07
